Grupo,Cod Producto,Nombre,Inventario Caja,Inventario Blister,Costo Unidad,Costo Blister,Costo Caja,% Iva,Inventario Unidad,Costo Total,Costo Total Iva,Venta Total
DOTACION MULTIFARMA,00728,CINTA ANDINA ENMASCARAR 48*40,15.0,0.0,0.0,0.0,5776.35,0.19,0.0,103107.85,16462.6,103500
DOTACION MULTIFARMA,00799,CLIP TRITON X 100,2.0,0.0,0.0,0.0,655.33,0.19,0.0,1559.69,249.03,1600
DOTACION MULTIFARMA,00839,COMPROBANTE EGRESO EFECTIVO,4.0,0.0,0.0,0.0,1747.9,0.19,0.0,8320.0,1328.4,8400
DOTACION MULTIFARMA,0123,DOTA CINTA TRASPARENTE ANDINA,20.0,0.0,0.0,0.0,4943.96,0.19,0.0,117666.25,18787.05,120000
HUMAX PHARMACEUTICAL,100002109,BEDOYECTA 3 AMPOLLAS (A)(3%+),96.0,0.0,0.0,0.0,36929.0,0.0,0.0,3545184.0,0.0,3504000
EUROFARMA COLOMBIA S.A.S,100005261,PAX CALIENTE NOCHE LIMON 24 SBS,5.0,0.0,0.0,0.0,52211.0,0.0,0.0,261055.0,0.0,261500
EUROFARMA COLOMBIA S.A.S,100005262,PAX CALIENTE NOCHE PANELA 24 SBS,5.0,0.0,0.0,0.0,56561.6,0.0,0.0,282808.0,0.0,283000
TECNOQUIMICAS S.A.,100009598,SILDENAFIL 50 MG 4 TABLETAS MK,1.0,0.0,0.0,0.0,11517.32,0.0,0.0,11517.32,0.0,11600
TRIDEX S.A.,100010532,AMPLIEX SUSPENSION 60 ML,15.0,0.0,0.0,0.0,8136.0,0.0,0.0,122040.0,0.0,123000
TECNOQUIMICAS S.A.,100010549,RIFAMICINA SPRAY 1% 20 ML MK,2.0,0.0,0.0,0.0,33342.06,0.0,0.0,66684.12,0.0,66800
LABORATORIOS ECAR S.A.,100011770,SULFATO FERROSO 200 MG 250 GRAGEAS EC,1.0,0.0,0.0,0.0,20767.0,0.0,0.0,20767.0,0.0,12400
GEDEON RICHTER COLOMBIA S,100012332,POSTINOR 1 1.5 MG 1 TABLETA(P)17415,35.0,0.0,0.0,0.0,16765.0,0.0,0.0,586775.0,0.0,294000
LABORATORIO FRANCO COLOMB,100013779,POSTDAY 1.5 MG 1 TABLETA(P)17415(SC)(SF),106.0,0.0,0.0,0.0,13341.47,0.0,0.0,1414195.82,0.0,583000
LAB.SOPHIA DE COLOMBIA LT,100014510,NAZIL OFTENO 15 ML,100.0,0.0,0.0,0.0,15964.82,0.0,0.0,1596482.0,0.0,950000
NOVAMED S.A.,100017499,LORATADINA LORDINEX 10 MG 10 TABLETAS,18.0,0.0,0.0,0.0,5687.33,0.0,0.0,102371.94,0.0,30600
NOVAMED S.A.,100017646,FLUMIXOL 600 MG 30 SOBRES,1.0,0.0,0.0,0.0,36182.0,0.0,0.0,36182.0,0.0,51200
AXON PHARMA SAS,100018601,OIDOLYT SUSPENSION OTICA 15 ML,28.0,0.0,0.0,0.0,12900.0,0.0,0.0,361200.0,0.0,288960
TRIDEX S.A.,100019579,GRIPAC 100 CAPSULAS,18.0,0.0,0.0,0.0,59905.0,0.0,0.0,1078290.0,0.0,1105200
NOVAMED S.A.,100019881,ACETAMINOFEN CRONOFEN 500 MG 400 TABS(A),8.0,0.0,0.0,0.0,23009.72,0.0,0.0,184077.76,0.0,172904
EUROFARMA COLOMBIA S.A.S,100022261,VAST 40 MG 30TABLETAS,2.0,0.0,0.0,0.0,0.0,0.0,0.0,0.0,0.0,129594
COMIS-GCNG,100024063,ARTHILESS 1% GEL TOPICO 50 GR,1.0,0.0,0.0,0.0,9751.0,0.0,0.0,9751.0,0.0,9800
TECNOQUIMICAS S.A.,100024287,ESOMEPRAZOL 20 MG 30 TBS MK(PAE),2.0,0.0,0.0,0.0,81560.4,0.0,0.0,163120.8,0.0,163200
OPELLA HEALTHCARE COLOMBI,100024939,BUSCAPINA NF COMPOSITUM 325/10MG 100 TBS,13.0,0.0,0.0,0.0,146115.63,0.0,0.0,1899503.19,0.0,2168400
NOVAMED S.A.,100025866,SERTRALINA AURASERT 50 MG 28 TABLETAS,4.0,0.0,0.0,0.0,15739.0,0.0,0.0,62956.0,0.0,26800
NOVAMED S.A.,100025867,SERTRALINA AURASERT 100 MG 28 TABLETAS,1.0,0.0,0.0,0.0,33276.0,0.0,0.0,33276.0,0.0,14100
NOVAMED S.A.,100026125,DESLODEX DESLORATADINA 5 MG 20 TBS,3.0,0.0,0.0,0.0,71763.0,0.0,0.0,215289.0,0.0,215289
LABORATORIOS MEDICK S.A.S,100026763,CITRATO DE MAGNESIO 90 CAP,52.0,0.0,0.0,0.0,26631.3,0.19,0.0,1647944.84,263117.24,1648400
ALTADIS FARMACEUTICA SAS,100026843,COXETOR 120 MG 7 TBS REC.,26.0,0.0,0.0,0.0,30617.55,0.0,0.0,796056.3,0.0,568594
MEGA LIFESCIENCES COLOMBI,100026983,MEGA WE CARE ZIRIN 50 CAP BLANDAS (SAV),60.0,0.0,0.0,0.0,43928.68,0.0,0.0,2635720.8,0.0,1662240
EUROFARMA COLOMBIA S.A.S,100027122,RUSTATINA 10 MG 30 TBS EUR,2.0,0.0,0.0,0.0,0.0,0.0,0.0,0.0,0.0,150566
MEGA LIFESCIENCES COLOMBI,100027250,NAT C GOMITAS VITAMINA C 50 UNDS (SAV),1.0,0.0,0.0,0.0,9007.16,0.19,0.0,10718.52,1711.36,11800
MEGA LIFESCIENCES COLOMBI,100027251,ACNOTIN 20 MG 30 CAP.(SAV),1.0,0.0,0.0,0.0,126181.66,0.0,0.0,126181.66,0.0,70700
MEGA LIFESCIENCES COLOMBI,100027252,AVARIN 300 MG/60 MG 10 CAPS (SAV),142.0,0.0,0.0,0.0,40474.44,0.0,0.0,5747370.48,0.0,2955872
ALTADIS FARMACEUTICA SAS,100027254,COXETOR 90 MG 14 TABS,29.0,0.0,0.0,0.0,47046.48,0.0,0.0,1364347.92,0.0,682167
NOVAMED S.A.,100027691,TRAMADOL 100 MG/ML SOLUCION ORAL 10 ML,8.0,0.0,0.0,0.0,5804.0,0.0,0.0,46432.0,0.0,46432
MEGA LIFESCIENCES COLOMBI,100027768,GOGAZ 200 MG 50 CAPSULAS,87.0,0.0,0.0,0.0,40099.47,0.0,0.0,3488653.89,0.0,2065641
NOVAMED S.A.,100027841,NIFEDIPINO 30 MG 30 TBS NOVAMED,3.0,0.0,0.0,0.0,41250.0,0.0,0.0,123750.0,0.0,123750
NOVAMED S.A.,100028128,LEXINA 500 MG 7 TABLETAS,1.0,0.0,0.0,0.0,143049.0,0.0,0.0,143049.0,0.0,143049
ALTADIS FARMACEUTICA SAS,100028131,LEVOCINA 500 MG 7 TBS,10.0,0.0,0.0,0.0,9461.76,0.0,0.0,94617.6,0.0,162000
ALTADIS FARMACEUTICA SAS,100028133,FEMTAX 5MG/325MG 10 TBS,6.0,0.0,0.0,0.0,25234.32,0.0,0.0,151405.92,0.0,89064
EUROFARMA COLOMBIA S.A.S,100028555,CALMIDOL COMPUESTO 6 CAPS,18.0,0.0,0.0,0.0,9586.75,0.0,0.0,172561.5,0.0,172800
EUROFARMA COLOMBIA S.A.S,100028556,CALMIDOL MAX 6 TBS,10.0,0.0,0.0,0.0,10213.3,0.0,0.0,102133.0,0.0,103000
MEGA LIFESCIENCES COLOMBI,100028677,LOREZE 10 CAPS BLANDAS,92.0,0.0,0.0,0.0,13863.84,0.0,0.0,1275473.28,0.0,765256
COMIS-GCNG,10101001015,MIO RELAX 4 MG 10 TABLETAS,16.0,0.0,0.0,0.0,16267.0,0.0,0.0,260272.0,0.0,260800
COMIS-GCNG,10101001317,NEWTARPAN 30 TAB,27.0,0.0,0.0,0.0,16488.67,0.0,0.0,445194.09,0.0,472500
MULTIFARMA,1020414009795,GAFA LABORATORIO UDUKE,34.0,0.0,0.0,0.0,3277.0,0.0,0.0,111418.0,0.0,112200
COMIS-GCNG,10207000103,MEBLAINEX CAJA X5 AMP,110.0,0.0,0.0,0.0,10236.4,0.0,0.0,1126004.0,0.0,1100000
COMIS-GCNG,1020700105,TRAMASINDOL FCO 10 ML,23.0,0.0,0.0,0.0,3604.51,0.0,0.0,82903.73,0.0,85100
MULTIFARMA,139003,BOLSA ECO BEIGE 40X40X10 TIRAS 50CM,48.0,0.0,0.0,0.0,1168.07,0.19,0.0,66720.16,10652.8,67200
DOTACION MULTIFARMA,1871457,DOTA PAPEL HIGIENICO JUMBO 250M,26.0,0.0,0.0,0.0,15438.96,0.19,0.0,477681.42,76268.46,483600
DOTACION MULTIFARMA,1873687,DOTA TOALLA MANOS ROLLO 100M,20.0,0.0,0.0,0.0,23400.3,0.19,0.0,556927.14,88921.14,558000
EMPAQUES VIDAPACK S.A.S.,200034340,BOLSA PAPEL KRAFT ICOM 19X9 1 LB 100 UND,235.0,0.0,0.0,0.0,2603.91,0.19,0.0,728183.43,116264.58,728500
EMPAQUES VIDAPACK S.A.S.,200034373,BOLSA PAPEL KRAFT ICOM 13X6 1/4LB 100UND,612.0,0.0,0.0,0.0,2631.72,0.19,0.0,1916629.04,306016.4,1285200
EMPAQUES VIDAPACK S.A.S.,200034374,BOLSA PAPEL KRAFT ICOM 25X13 3 LB 100UND,6.0,0.0,0.0,0.0,4040.0,0.19,0.0,28845.6,4605.6,24240
EMPAQUES VIDAPACK S.A.S.,200034432,BOLSA PAPEL KRAFT ICOM 29X13 4 LB 100UND,37.0,0.0,0.0,0.0,4972.87,0.19,0.0,218955.47,34959.28,218300
EMPAQUES VIDAPACK S.A.S.,200036044,BOLSA PAPEL NATUR.ICOM 19X9 1 LB 100 UND,23.0,0.0,0.0,0.0,9938.48,0.19,0.0,272016.2,43431.16,356500
EMPAQUES VIDAPACK S.A.S.,200036045,BOLSA PAPEL NATUR.ICOM 35X14 6 LB 100UND,16.0,0.0,0.0,0.0,8192.0,0.19,0.0,155975.68,24903.68,131072
EMPAQUES VIDAPACK S.A.S.,200036050,BOLSA PAPEL NATUR.ICOM 43X19 12LB 100UND,8.0,0.0,0.0,0.0,11296.07,0.19,0.0,107538.59,17170.03,103200
BIG MEDICAL S.A.S.,200043635,GEL BUC.DOLPACK ENCIA.CLORHEX 30G+PIN+AL,1.0,0.0,0.0,0.0,17227.0,0.19,0.0,20500.13,3273.13,11500
BIG MEDICAL S.A.S.,200043637,GEL BUC.DOLPACK PROTEC.CPCB5B3 30G+PIN+A,5.0,0.0,0.0,0.0,17227.0,0.19,0.0,102500.65,16365.65,57500
BIG MEDICAL S.A.S.,200043638,ENJ.BUCAL DOLPACK DESENSIBILI.180ML+SEDA,2.0,0.0,0.0,0.0,21614.0,0.19,0.0,51441.32,8213.32,29000
MEGA LIFESCIENCES COLOMBI,200044397,EUGICA COFF HERBAL LOZENGES 120 CARAMELO,1.0,0.0,0.0,0.0,25854.0,0.19,0.0,30766.26,4912.26,25900
COMIS-GCNG,4598765,PROZIDEX OMEPRAZOL 20 MG 250 CAPSULAS ,8.0,0.0,0.0,0.0,25700.88,0.0,0.0,205607.04,0.0,203200
DOTACION MULTIFARMA,667888006045,DOTA CEPILLO PARA INODORO CON BASE,5.0,0.0,0.0,0.0,4033.6,0.19,0.0,23999.92,3831.92,50000
COMIS-GCNG,6921875051376,LINCODELT LINCOMICINA 600MG X10 AMP,12.0,0.0,0.0,0.0,18000.0,0.0,0.0,216000.0,0.0,216000
COMIS-GCNG,6970505530231,LABIAL LIPSTICK 99% ALOE VERA 3.5 GR,51.0,0.0,0.0,0.0,2498.0,0.19,0.0,151603.62,24205.62,153000
MULTIFARMA,6971082810662,DOTA SACA GANCHOS,4.0,0.0,0.0,0.0,1680.67,0.19,0.0,7999.99,1277.31,8000
MULTIFARMA,6973964130042,MASCARILLA EN VELO DE PEACH,1.0,0.0,0.0,0.0,765.0,0.19,0.0,910.35,145.35,1000
DOTACION MULTIFARMA,7453015101874,DOTA BANDAS ELASTICAS,760.0,0.0,0.0,0.0,10.5,0.19,0.0,9496.2,1516.2,76000
HALEON COLOMBIA S.A.S.,770018912,OBS. HALEON HORNO TOSTADOR,1.0,0.0,0.0,0.0,0.0,0.0,0.0,0.0,0.0,0
HALEON COLOMBIA S.A.S.,770019115,OBS HALEON ASADOR,3.0,0.0,0.0,0.0,0.0,0.0,0.0,0.0,0.0,0
TECNOQUIMICAS S.A.,7701021116123,WINNY ULT SEC ET 3 X 100 UNDS TQ,6.0,0.0,0.0,0.0,88983.0,0.19,0.0,635338.62,101440.62,635400
TECNOQUIMICAS S.A.,7701021117786,PAÑAL WINNY PANTS ET 4 X 50,2.0,0.0,0.0,0.0,53600.0,0.19,0.0,127568.0,20368.0,127600
TECNOQUIMICAS S.A.,7701021118899,WINNY GOLD ET 5X50,1.0,0.0,0.0,0.0,65939.0,0.19,0.0,78467.41,12528.41,78500
TECNOQUIMICAS S.A.,7701021120649,CONTENT MEDICAL  M X 21 UNDS,1.0,0.0,0.0,0.0,34765.0,0.19,0.0,41370.35,6605.35,41400
LA RED,7702032117253,CAFE COLCAFE CLASICI 170GR,3.0,0.0,0.0,0.0,16550.0,0.05,0.0,52132.5,2482.5,52200
COMIS-GCNG,7702896000364,TOR CREMA PROCTOLOGICA 10 G,17.0,0.0,0.0,0.0,8796.4,0.0,0.0,149538.8,0.0,151300
COMIS-GCNG,7702896000562,PREDNIOFTAL F PREDNSL.ACET.10.0MG X 5ML,4.0,0.0,0.0,0.0,26938.28,0.0,0.0,107753.12,0.0,108000
COMIS-GCNG,7702896001231,DEXABLAS DEXAM. 8MG  5 AMP BLASKOV,8.0,0.0,0.0,0.0,7772.85,0.0,0.0,62182.8,0.0,62400
COMIS-GCNG,7702896001286,FLUOFTAL FLUOROMETALONA 0.1% X5ML,3.0,0.0,0.0,0.0,19103.5,0.0,0.0,57310.5,0.0,57600
COMIS-GCNG,7702896001347,LAGRIKOV CARBOXIMETILCELULOSA 0.5% X 15 ML ,7.0,0.0,0.0,0.0,6946.39,0.0,0.0,48624.73,0.0,49000
COMIS-GCNG,7702896002313,IVERBLAS IVERMECT. 5 ML,19.0,0.0,0.0,0.0,8877.44,0.0,0.0,168671.36,0.0,169100
COMIS-GCNG,7702896025855,ITROCSONA DESONIDA CREMA  X15GR,16.0,0.0,0.0,0.0,9000.0,0.0,0.0,144000.0,0.0,144000
COMIS-GCNG,7702896569472,DIUXOTON CAJA X 5 AMP,53.0,0.0,0.0,0.0,11485.18,0.0,0.0,608714.54,0.0,609500
LABORATORIOS MEDICK S.A.S,7703286119758,GEL TERMICO CON ACEITE DE SEMILLA CANNABIS,14.0,0.0,0.0,0.0,14613.84,0.19,0.0,243466.57,38872.81,245000
DOTACION MULTIFARMA,7703336983063,DOTA REGLA FABER CASTELL X 30CM,16.0,0.0,0.0,0.0,1319.3,0.19,0.0,25119.47,4010.67,25600
DOTACION MULTIFARMA,7703671300105,DOTA CELUGUIAS COLRES SURTS.X160 ETQ,2.0,0.0,0.0,0.0,1412.0,0.19,0.0,3360.56,536.56,3400
N/A ,7703712080027,ADIFAR ACETA/N-BUTIL 20 TABLETAS,22.0,0.0,0.0,0.0,14735.08,0.0,0.0,324171.76,0.0,325600
COMIS-GCNG,7703712080058,BENCIFAR SPRAY FCO 120 ML COASPHARMA,2.0,0.0,0.0,0.0,16524.44,0.0,0.0,33048.88,0.0,33000
COMIS-GCNG,7703712080065,BENMACIT ALBENDAZOL SUP.10ML,18.0,0.0,0.0,0.0,5320.0,0.0,0.0,95760.0,0.0,97200
COMIS-GCNG,7703712080096,DIEKALIN SUSP X 120ML ,1.0,0.0,0.0,0.0,12726.0,0.0,0.0,12726.0,0.0,12800
COMIS-GCNG,7703712080126,INTIVAG DUCHA VAGINAL 120 ML,2.0,0.0,0.0,0.0,7560.0,0.0,0.0,15120.0,0.0,15200
COMIS-GCNG,7703712080195,IBUPROFAR 800MG 60 TAB,1.0,0.0,0.0,0.0,29656.9,0.0,0.0,29656.9,0.0,29700
COMIS-GCNG,7703712080218,HISLORT 10 MG X 10 TAB,4.0,0.0,0.0,0.0,3600.0,0.0,0.0,14400.0,0.0,14400
COMIS-GCNG,7703712080263,FLOXFAR 400 MG 20 TAB,27.0,0.0,0.0,0.0,13550.18,0.0,0.0,365854.86,0.0,369900
COMIS-GCNG,7703712080270,OXIFAR 20MG 10 CAPSULAS,11.0,0.0,0.0,0.0,6684.0,0.0,0.0,73524.0,0.0,73700
COMIS-GCNG,7703712080386,VILAFAR  5% UNGUENTO TOPICO 15G,8.0,0.0,0.0,0.0,8900.0,0.0,0.0,71200.0,0.0,71200
COMIS-GCNG,7703712080409,PIRAXTEL JBE/PIRANTEL/OXANTEL X 15 ML,25.0,0.0,0.0,0.0,7610.73,0.0,0.0,190268.25,0.0,192500
COMIS-GCNG,7703712080478,SULTRIFAR F SUSPENSION 120 ML,3.0,0.0,0.0,0.0,12800.0,0.0,0.0,38400.0,0.0,38400
COMIS-GCNG,7703712080522,CLOMAZOL TOPICO 1% 40 GR,19.0,0.0,0.0,0.0,7379.0,0.0,0.0,140201.0,0.0,140600
COMIS-GCNG,7703712080638,ATRIXIB 200MG 10 CAPS,21.0,0.0,0.0,0.0,13057.0,0.0,0.0,274197.0,0.0,275100
COMIS-GCNG,7703712080645,FUCIFAR CREMA TOPICA 15G PHARMADES,10.0,0.0,0.0,0.0,11799.0,0.0,0.0,117990.0,0.0,118000
COMIS-GCNG,7703712080683,SILIMFAR CAP SILIMARINA X 20 CAP ,2.0,0.0,0.0,0.0,18935.0,0.0,0.0,37870.0,0.0,38000
COMIS-GCNG,7703712080690,HIDROXFAR 0.25% 120 ML,34.0,0.0,0.0,0.0,9953.0,0.0,0.0,338402.0,0.0,346800
COMIS-GCNG,7703712080713,MICIGENT CREMA TOPICA 40 GR,35.0,0.0,0.0,0.0,10844.08,0.0,0.0,379542.8,0.0,378000
COMIS-GCNG,7703712085046,BINAFAR IBUP+METOC X 24 TAB,52.0,0.0,0.0,0.0,13419.6,0.0,0.0,697819.2,0.0,748800
DOTACION MULTIFARMA,7707016194060,DOTA BOLSA ROJA GRANDE,86.0,0.0,0.0,0.0,350.0,0.0,0.0,30100.0,0.0,34400
COMIS-GCNG,7707019310177,EUCODINA JBE120ML,1.0,0.0,0.0,0.0,8687.0,0.0,0.0,8687.0,0.0,8700
COMIS-GCNG,7707019325713,ZIFLUVIS JBE 120ML,13.0,0.0,0.0,0.0,11245.0,0.0,0.0,146185.0,0.0,146900
COMIS-GCNG,7707019332117,MICOTRAZOL ITRACONAZOL 100MG X 4 CAP,49.0,0.0,0.0,0.0,8121.2,0.0,0.0,397938.8,0.0,362600
COMIS-GCNG,7707019337020,DIFLENAC GEL 1% X 50GR DICLOFENACO,24.0,0.0,0.0,0.0,6848.29,0.0,0.0,164358.96,0.0,165600
COMIS-GCNG,7707019381047,ATORFIT 20 MG 30 TAB,5.0,0.0,0.0,0.0,13614.0,0.0,0.0,68070.0,0.0,68500
COMIS-GCNG,7707019384116,VERELIS 20 MG 4 TAB,37.0,0.0,0.0,0.0,8294.52,0.0,0.0,306897.24,0.0,325600
COMIS-GCNG,7707019413632,CORTISOLONA CREMA 40GR,29.0,0.0,0.0,0.0,6890.79,0.0,0.0,199832.91,0.0,214600
COMIS-GCNG,7707019457247,ALGINACID SUSP X 360 ML,21.0,0.0,0.0,0.0,12393.0,0.0,0.0,260253.0,0.0,260400
COMIS-GCNG,7707019461121,ZIVICAL 600 MG 30 TAB,17.0,0.0,0.0,0.0,8396.97,0.0,0.0,142748.49,0.0,144500
ANGLOPHARMA,7707035509708,"MEVICAM MELOXICAM 7,5 MG X 10TBS",12.0,0.0,0.0,0.0,2397.0,0.0,0.0,28764.0,0.0,28800
LABQUIFAR,7707035510339,SORIDERM LOCION 120 ML ANGLO,15.0,0.0,0.0,0.0,5366.0,0.0,0.0,80490.0,0.0,81000
COMIS-GCNG,7707035511107,MUCOTROP JABE ADULT X 120 ML,20.0,0.0,0.0,0.0,5800.0,0.0,0.0,116000.0,0.0,116000
ANGLOPHARMA,7707035511169,SUPRIM-D NAPROXENO 500 MG X 30 TAB ANGLOPHARMA,18.0,0.0,0.0,0.0,12530.0,0.0,0.0,225540.0,0.0,226800
COMIS-GCNG,7707035511177,MUCOTROP NIÑOS X 120 ML,25.0,0.0,0.0,0.0,5800.0,0.0,0.0,145000.0,0.0,145000
COMIS-GCNG,7707035580233,SORIDERM CHAMPU 250 ML ANGLO,15.0,0.0,0.0,0.0,15896.0,0.0,0.0,238440.0,0.0,238500
COMIS-GCNG,7707040610321,BROMYL JARABE  X120ML,3.0,0.0,0.0,0.0,6547.0,0.0,0.0,19641.0,0.0,19800
COMIS-GCNG,7707040610338,DKG CREMA X 20 GR,67.0,0.0,0.0,0.0,5769.0,0.0,0.0,386523.0,0.0,388600
COMIS-GCNG,7707172863132,PROPOLVIK NARANJA MIEL 20 SOBRES ,16.0,0.0,0.0,0.0,28000.0,0.0,0.0,448000.0,0.0,448000
COMIS-GCNG,7707263000213,AMPLIEX 500MG 100 CAPS,12.0,0.0,0.0,0.0,60361.0,0.0,0.0,724332.0,0.0,724800
COMIS-GCNG,7707263003016,MEDIZOL AL 2% CREMA X 20GR,17.0,0.0,0.0,0.0,14500.0,0.0,0.0,246500.0,0.0,246500
COMPA¥IA DE GALLETAS NOEL S.A.,7707263003542,CEFLAXILIN 500MG X 20CAPS,22.0,0.0,0.0,0.0,19250.0,0.0,0.0,423500.0,0.0,317614
COMIS-GCNG,7707263003986,O.K.A..P 10 CAPSULAS,41.0,0.0,0.0,0.0,16190.6,0.0,0.0,663814.6,0.0,664200
COMIS-GCNG,7707263003993,MEDIZOL 500 MG 2 OVULOS,7.0,0.0,0.0,0.0,13832.0,0.0,0.0,96824.0,0.0,97300
COMIS-GCNG,7707263004051,GRIPAC 4 CAJA X 100 CAPSULAS ,23.0,0.0,0.0,0.0,51231.97,0.0,0.0,1178335.31,0.0,1248900
COMIS-GCNG,7707263004518,KENCYCAPS 100MG X 10TAB,10.0,0.0,0.0,0.0,7692.27,0.0,0.0,76922.7,0.0,78000
TRIDEX S.A.,7707263004976,SHAMPOO LAZZUS TRIDEX AMARILLO  180 ML,17.0,0.0,0.0,0.0,17370.0,0.19,0.0,351395.1,56105.1,351900
COMIS-GCNG,7707263005126,O.K.A.P FORTE X 10 CAPSULAS,11.0,0.0,0.0,0.0,7730.29,0.0,0.0,85033.19,0.0,84700
COMIS-GCNG,7707263005188,ACED FULL X 360 ML FCO,1.0,0.0,0.0,0.0,13309.0,0.0,0.0,13309.0,0.0,13400
COMIS-GCNG,7707263005874,ROCICREAM X 40GR 6 APLICADRE,2.0,0.0,0.0,0.0,10800.0,0.0,0.0,21600.0,0.0,21600
COMIS-GCNG,7707263006208,TABTINA ATORVASTATINA 20MG X 10 TAB,7.0,0.0,0.0,0.0,10764.0,0.0,0.0,75348.0,0.0,75600
COMIS-GCNG,7707263008059,ACED FULL/SIMETICONA/MAGNESIO X 150ML,3.0,0.0,0.0,0.0,6789.0,0.0,0.0,20367.0,0.0,20400
COMIS-GCNG,7707263009872,TRIVAG FEM SOLU VAGI FCO 120 ML,16.0,0.0,0.0,0.0,6900.0,0.19,0.0,131376.0,20976.0,132800
COMIS-GCNG,7707270700144,NATROZIM 500MG X 3 TAB,22.0,0.0,0.0,0.0,5038.0,0.0,0.0,110836.0,0.0,112200
SAN FIORANO,770729087462,MUESTRA  MULTIORGASMO 7 ML SEN INTIMO,32.0,0.0,0.0,0.0,0.03,0.19,0.0,1.14,0.18,128000
SAN FIORANO,7707290878625,LUBRICANTE CALIENTE CREMA DE WHISKY X 7 ML,28.0,0.0,0.0,0.0,3361.33,0.19,0.0,111999.52,17882.28,112000
COMIS-GCNG,7707308720076,MICOSTEN FORTE ITRACONAZOL SPRAY TOP 30 ML ,19.0,0.0,0.0,0.0,12859.63,0.0,0.0,244332.97,0.0,245100
COMIS-GCNG,7707308720328,SKIN PLUS ACETATO ALUMINIO + VITAMINA A 120 ML,13.0,0.0,0.0,0.0,5373.89,0.0,0.0,69860.57,0.0,70200
COMIS-GCNG,7707308720403,MINOXIDIN 5%+ ACID HIALURO+VITA A 70ML,8.0,0.0,0.0,0.0,26365.0,0.0,0.0,210920.0,0.0,211200
COMIS-GCNG,7707332987506,GRAZILAN ORLISTAT 40 CAPS 120MG ,4.0,0.0,0.0,0.0,46998.0,0.0,0.0,187992.0,0.0,188000
COMIS-GCNG,7707348530284,KOLITROX F 40 MG 10 TAB,12.0,0.0,0.0,0.0,15522.22,0.0,0.0,186266.64,0.0,183600
COMIS-GCNG,7707348530314,TROPXIM-F X 10 OVULOS,8.0,0.0,0.0,0.0,18856.0,0.0,0.0,150848.0,0.0,151200
MULTIFARMA,7707364300014,VITA BIOSA NATURAL 1 LITRO,1.0,0.0,0.0,0.0,70582.0,0.19,0.0,83992.58,13410.58,70582
N/A ,7707364300021,VITA BIOSA NATURAL 500ML  MEDIO LITRO,2.0,0.0,0.0,0.0,45035.0,0.19,0.0,107183.3,17113.3,90070
CI MULTIMARCAS DE COLOMBIAS S.,7707364300038,VITA BIOSA FRESA   1 LITRO,2.0,0.0,0.0,0.0,70582.0,0.19,0.0,167985.16,26821.16,141164
N/A ,7707364300045,VITA BIOSA NARANJA 1 LITRO,3.0,0.0,0.0,0.0,70582.0,0.19,0.0,251977.74,40231.74,211746
N/A ,7707364300069,VITA BIOSA NARANJA 500ML MEDIO LITRO ,2.0,0.0,0.0,0.0,45035.0,0.19,0.0,107183.3,17113.3,90070
COSMECOL,7707364300076,VITA BIOSA LULO 1 LITRO,2.0,0.0,0.0,0.0,70582.0,0.19,0.0,167985.16,26821.16,141164
N/A ,7707364300083,VITA BIOSA LULO 500ML  MEDIO LITRO,2.0,0.0,0.0,0.0,45035.0,0.19,0.0,107183.3,17113.3,90070
N/A ,7707364305293,VITA PRO KIDS 500ML MEDIO LITRO,2.0,0.0,0.0,0.0,47052.0,0.19,0.0,111983.76,17879.76,75000
COMIS-GCNG,7708304478008,CIPROFLOXACINO 500MG X 7 TAB,10.0,0.0,0.0,0.0,5900.0,0.0,0.0,59000.0,0.0,59000
COMIS-GCNG,7708304516267,CLOTRISHER CREMA TOP X 20 GR,6.0,0.0,0.0,0.0,7900.0,0.0,0.0,47400.0,0.0,47400
COMIS-GCNG,7708304516274,CLOTRISHER CREMA TOP X 40 GR,18.0,0.0,0.0,0.0,12800.0,0.0,0.0,230400.0,0.0,230400
COMIS-GCNG,7708480649803,VAXOMIZOL TERBINAFINA 1% 20GR,25.0,0.0,0.0,0.0,9232.0,0.0,0.0,230800.0,0.0,232500
COMIS-GCNG,7709017482313,VALERIANA+PASIFLORA+TORONJIL 30 ML,6.0,0.0,0.0,0.0,5193.0,0.0,0.0,31158.0,0.0,31200
COMIS-GCNG,7709036609784,DESLOSHER  5 MG X 30 TBS,9.0,0.0,0.0,0.0,11301.0,0.0,0.0,101709.0,0.0,102600
COMIS-GCNG,7709100506933,FYRELESS SOLUCION 10ML,28.0,0.0,0.0,0.0,11800.0,0.0,0.0,330400.0,0.0,330400
COMIS-GCNG,7709172863125,ITRACASP SHAMPOO X 120ML,8.0,0.0,0.0,0.0,15928.95,0.19,0.0,151643.6,24212.0,152000
COMIS-GCNG,7709172863149,CUTAGEL CREMA BARR.ESPINI 20 GR ,1.0,0.0,0.0,0.0,16007.14,0.19,0.0,19048.5,3041.36,19300
COMIS-GCNG,7709172863194,PROPOLVIK KD 120ML,6.0,0.0,0.0,0.0,9900.0,0.0,0.0,59400.0,0.0,59400
COMIS-GCNG,77091728633132,PROPOLVIK CEREZA X 20 SOBRES,12.0,0.0,0.0,0.0,27848.15,0.0,0.0,334177.8,0.0,336000
COMIS-GCNG,7709179121846,EYES FLEX GTAS OFT X 5 ML,5.0,0.0,0.0,0.0,7531.0,0.0,0.0,37655.0,0.0,38000
COMIS-GCNG,7709233974418,RODIFLEX 15 MG 10 TBL RUECAM,3.0,0.0,0.0,0.0,4355.92,0.0,0.0,13067.76,0.0,13500
COMIS-GCNG,7709233974487,GAZU 14 CAPS,8.0,0.0,0.0,0.0,19500.0,0.0,0.0,156000.0,0.0,156000
COMIS-GCNG,7709266541465,PULMOSAN HEDERA X 120 ML,12.0,0.0,0.0,0.0,9386.0,0.0,0.0,112632.0,0.0,112800
COMIS-GCNG,7709416822659,TRIBACTER CREMA 20 GR,34.0,0.0,0.0,0.0,7600.0,0.0,0.0,258400.0,0.0,258400
COMIS-GCNG,7709506348427,LINCOFAR 600MG X 10 AMPOLL,6.0,0.0,0.0,0.0,17833.94,0.0,0.0,107003.64,0.0,107400
SAN FIORANO,7709558307281,DESENSIBILIZANTE ANAL X 30ML SEN INTIMO,4.0,0.0,0.0,0.0,15403.35,0.19,0.0,73319.95,11706.55,73600
COMIS-GCNG,7709589774373,PULMOSAN NH HEDERA HELIX 120 ML,13.0,0.0,0.0,0.0,9587.0,0.0,0.0,124631.0,0.0,124800
COMIS-GCNG,7709671805176,COLAGENO HIDROLIZADO X 60 CAPSULAS,25.0,0.0,0.0,0.0,14694.0,0.19,0.0,437146.5,69796.5,437500
COMIS-GCNG,7709740450320,TRIDIRTEX LOCION 60 ML ,2.0,0.0,0.0,0.0,9122.03,0.0,0.0,18244.06,0.0,18000
COMIS-GCNG,7709740450337,GAZILEX 40MG X 30 TAB ESOMPRAZ,8.0,0.0,0.0,0.0,25086.14,0.0,0.0,200689.12,0.0,210400
COMIS-GCNG,7709740450351,TRIDIRTEX CREMA 40 GR,25.0,0.0,0.0,0.0,9104.02,0.0,0.0,227600.5,0.0,235000
COMIS-GCNG,7709740450375,PRANEXXIN 500MG 6 TABLETAS,20.0,0.0,0.0,0.0,9635.38,0.0,0.0,192707.6,0.0,194000
COMIS-GCNG,7709740450399,NOKTOS ADULTOS 120 ML,11.0,0.0,0.0,0.0,6591.75,0.0,0.0,72509.25,0.0,72600
COMIS-GCNG,7709805542847,NOKTOS NIÑOS,18.0,0.0,0.0,0.0,6354.12,0.0,0.0,114374.16,0.0,118800
COMIS-GCNG,7709830214023,BRONCOFLEM 120ML,3.0,0.0,0.0,0.0,6286.0,0.0,0.0,18858.0,0.0,18900
COMIS-GCNG,7709830214030,FONKINK AZITROMICINA 3 TBLS 500MG ,36.0,0.0,0.0,0.0,7322.65,0.0,0.0,263615.4,0.0,266400
RUECAM,7709830214061,SKINDERM CREMA X 20G,17.0,0.0,0.0,0.0,5556.0,0.0,0.0,94452.0,0.0,95200
MULTIFARMA,7709867188045,ENCENDEDORES GLOBAL 25 UNDS,0.0,0.0,476.0,0.0,0.0,0.19,2.0,1132.88,180.88,1600
COMIS-GCNG,7709946708393,DOLISTAN JARABE 120 ML,31.0,0.0,0.0,0.0,4383.88,0.0,0.0,135900.28,0.0,136400
COMIS-GCNG,7709978862193,VIOXIN ENJUGUE BUCAL X 120,14.0,0.0,0.0,0.0,13000.0,0.19,0.0,216580.0,34580.0,217000
DOTACION MULTIFARMA,7709990345568,DOTA BOLIGRAFO OFFI-ESCO,13.0,0.0,0.0,0.0,428.57,0.19,0.0,6629.98,1058.57,7800
COMIS-GCNG,7709990839951,TRIBACTER CREMA X 40 GR,18.0,0.0,0.0,0.0,9809.97,0.0,0.0,176579.46,0.0,176400
COMIS-GCNG,A00141,ASMIKET JARABE 120 ML BIOQUIFAR,20.0,0.0,0.0,0.0,9218.54,0.0,0.0,184370.8,0.0,172000
COMIS-GCNG,A00155,OCUTRIX SOLU.OFTA 5 ML MEDIGEN,15.0,0.0,0.0,0.0,7564.0,0.0,0.0,113460.0,0.0,114000
BLASKOV LTDA,A00156,POLIOFTAL 5 ML BLASKOV,69.0,0.0,0.0,0.0,6736.68,0.0,0.0,464830.92,0.0,448500
COMIS-GCNG,A00158,METROXAZIDE SUSPENSION 120 ML BIOQUIFAR,9.0,0.0,0.0,0.0,8780.4,0.0,0.0,79023.6,0.0,79200
COMIS-GCNG,A00164,AZTROBAC 15 ML BIOQUIFAR,9.0,0.0,0.0,0.0,7970.8,0.0,0.0,71737.2,0.0,68400
COMIS-GCNG,A00167,EUMOXINA 100 ML BIOQUIFAR,12.0,0.0,0.0,0.0,8811.0,0.0,0.0,105732.0,0.0,106800
COMIS-GCNG,A00170,ACTIVIRAL 5% 15 GR LABQUIFAR,2.0,0.0,0.0,0.0,4543.3,0.0,0.0,9086.6,0.0,9200
COMIS-GCNG,A00177,DERMASKIN CREMA 40 GR,19.0,0.0,0.0,0.0,11200.0,0.0,0.0,212800.0,0.0,212800
COMIS-GCNG,A00182,DERMASKIN CREMA 20 GR,34.0,0.0,0.0,0.0,7429.99,0.0,0.0,252619.66,0.0,255000
COMIS-GCNG,A00185,FUNGISTEROL CREMA 30 GR BIOQUIFAR,6.0,0.0,0.0,0.0,5550.0,0.0,0.0,33300.0,0.0,33600
COMIS-GCNG,A00186,TUDERMIFAR CREMA 40 GR LABQUIFAR,34.0,0.0,0.0,0.0,5622.57,0.0,0.0,191167.38,0.0,197200
COMIS-GCNG,A00201,NITOXIPAR 30 ML BIOQUIFAR,66.0,0.0,0.0,0.0,11576.06,0.0,0.0,764019.96,0.0,679800
COMIS-GCNG,A00206,FINAMED SUSPENSION 15 ML LABQUIFAR,36.0,0.0,0.0,0.0,4149.66,0.0,0.0,149387.76,0.0,147600
COMIS-GCNG,A00213,PERCLUSONE 500 MG 10 TBL BIOQUIFAR,21.0,0.0,0.0,0.0,6882.7,0.0,0.0,144536.7,0.0,161700
COMIS-GCNG,A00215,NEWTARPAN 5 MG 10 TBL BIOQUIFAR,49.0,0.0,0.0,0.0,5937.3,0.0,0.0,290927.7,0.0,308700
COMIS-GCNG,A00217,ACTIVIRAL 800 G 10 TBL LABQUIFAR,6.0,0.0,0.0,0.0,12120.0,0.0,0.0,72720.0,0.0,73200
COMIS-GCNG,A00222,DIZMOPRAZ CAPSULAS 30 MG 28 UNDS BIOQUIFAR,39.0,0.0,0.0,0.0,13939.8,0.0,0.0,543652.2,0.0,546000
COMIS-GCNG,A00223,CINDIMIZOL 200 MG 5 CAPSULAS BIOQUIFAR,30.0,0.0,0.0,0.0,7272.9,0.0,0.0,218187.0,0.0,222000
COMIS-GCNG,A00224,METROXAZIDE 600 MG/200 MG 18 TBLS BIOQUIFAR,14.0,0.0,0.0,0.0,8919.72,0.0,0.0,124876.08,0.0,126000
COMIS-GCNG,A00265,SHAMPOO FUNGISTEROL 200 ML BIOQUIFAR,19.0,0.0,0.0,0.0,20628.0,0.0,0.0,391932.0,0.0,393300
COMIS-GCNG,A00267,ZIFLUVIS 200 MG 30 SOBRES 3 GR BIOQUIFAR,35.0,0.0,0.0,0.0,16762.2,0.0,0.0,586677.0,0.0,581000
LABQUIFAR,A00268,ZIFLUVIS 600 MG 30 SOBRE 3 GR BIOQUIFAR,45.0,0.0,0.0,0.0,31022.7,0.0,0.0,1396021.5,0.0,1471500
COMIS-GCNG,A00274,"MEXICAN 7,5 MG 30 TBL BIOQUIFAR",13.0,0.0,0.0,0.0,6981.9,0.0,0.0,90764.7,0.0,91000
LABQUIFAR,A00281,VIBRADOX 100 MG 14 CAPSULAS LABQUIFAR,23.0,0.0,0.0,0.0,10268.02,0.0,0.0,236164.46,0.0,236900
COMIS-GCNG,A00284,CINDIMIZOL 150 MG 5 CAPSULAS BIOQUIFAR,28.0,0.0,0.0,0.0,3610.6,0.0,0.0,101096.8,0.0,103600
COMIS-GCNG,A00285,KOLANTIL 200 MG 15 TBL BIOQUIFAR,3.0,0.0,0.0,0.0,7997.85,0.0,0.0,23993.55,0.0,24000
COMIS-GCNG,A00291,PROZIDEX 20 MG 30 CAPSULAS BIOQUIFAR,15.0,0.0,0.0,0.0,4211.7,0.0,0.0,63175.5,0.0,63000
COMIS-GCNG,A00293,SHAMPOO FUNGISTEROL 100 ML BIOQUIFAR,21.0,0.0,0.0,0.0,9512.8,0.0,0.0,199768.8,0.0,195300
TECNOQUIMICAS S.A.,A00509,TOALLITAS HUMEDAS 24 UND WINNY,11.0,0.0,0.0,0.0,2270.44,0.19,0.0,29720.06,4745.22,33000
MULTIFARMA,AL001,RODILLERAS,6.0,0.0,0.0,0.0,4621.0,0.19,0.0,32993.94,5267.94,27726
COMIS-GCNG,B013,CEPRAX 500 MG 50 CAPSULAS ANGLOPHARMA,22.0,0.0,0.0,0.0,24280.0,0.0,0.0,534160.0,0.0,539000
COMIS-GCNG,B023,ESPASMYDOL 20 TBL LABQUIFAR,25.0,0.0,0.0,0.0,15875.2,0.0,0.0,396880.0,0.0,400000
COMIS-GCNG,B698,LOZARTEN 100 MG 30 TBL BIOQUIFAR,22.0,0.0,0.0,0.0,8374.74,0.0,0.0,184244.28,0.0,204600
COMIS-GCNG,D192,LUXAFAR METOCARBAMOL 750MG 30 TABS,18.0,0.0,0.0,0.0,17280.0,0.0,0.0,311040.0,0.0,311400
DOTACION MULTIFARMA,DO01,DOTA  JABON REY 300GR,14.0,0.0,0.0,0.0,1703.04,0.19,0.0,28372.65,4530.09,29400
DOTACION MULTIFARMA,DO03,DOTA LIMPIA VIDRIOS 500ML,4.0,0.0,0.0,0.0,1890.75,0.19,0.0,8999.97,1436.97,9200
DOTACION MULTIFARMA,DO04,DOTA AMBIENTADOR DE PISOS 1000ML,7.0,0.0,0.0,0.0,2076.11,0.19,0.0,17294.0,2761.23,17500
DOTACION MULTIFARMA,DO07,DOTA CUADERNO GRANDE 100 HOJAS,10.0,0.0,0.0,0.0,2200.0,0.0,0.0,22000.0,0.0,22000
DOTACION MULTIFARMA,DO09,DOTA GRAPAS LINEA,160.0,0.0,0.0,0.0,102.59,0.19,0.0,19533.14,3118.74,32000
DOTACION MULTIFARMA,DO10,DOTA GANCHO LEGAJADOR PLASTICO ,170.0,0.0,0.0,0.0,100.8,0.19,0.0,20391.84,3255.84,34000
MULTIFARMA,DO110,DOTA RECOGEDOR DE BASURA ,13.0,0.0,0.0,0.0,4294.68,0.0,0.0,55830.84,0.0,49400
DOTACION MULTIFARMA,DO12,DOTA ROLLOS DE IMPRESORA PVT TERMICA,291.0,0.0,0.0,0.0,2720.96,0.19,0.0,942241.24,150441.88,960300
DOTACION MULTIFARMA,DO13,DOTA CARPETA LEGAJADORA OFICIO,18.0,0.0,0.0,0.0,369.76,0.19,0.0,7920.26,1264.58,9000
DOTACION MULTIFARMA,DO15,DOTA BOLSA NEGRA PARA BASURA,49.0,0.0,0.0,0.0,159.67,0.19,0.0,9310.36,1486.53,9800
DOTACION MULTIFARMA,DO23,DOTA BOLSA RESIDUO ROJA,60.0,0.0,0.0,0.0,131.59,0.0,0.0,7895.4,0.0,12000
DOTACION MULTIFARMA,DO24,DOTA ALCOHOL INYECTOLOGIA 700ML,24.0,0.0,0.0,0.0,6473.0,0.0,0.0,155352.0,0.0,156000
DOTACION MULTIFARMA,DO50,DOTA GUARDIAN INYECTOLOGIA 1.5 LT,30.0,0.0,0.0,0.0,4139.0,0.19,0.0,147762.3,23592.3,150000
DOTACION MULTIFARMA,DO52,DOTA SABANA RESORTADA ,61.0,0.0,0.0,0.0,3883.0,0.19,0.0,281866.97,45003.97,286700
DOTACION MULTIFARMA,DO54,DOTA JABON LIQUIDO MANOS 500ML,6.0,0.0,0.0,0.0,2848.71,0.19,0.0,20339.79,3247.53,20400
DOTACION MULTIFARMA,DO60,DOTA  DETERGENTE JABON EN POLVO,3.0,0.0,0.0,0.0,2941.18,0.19,0.0,10500.01,1676.47,10500
DOTACION MULTIFARMA,DOT15,DOTA GUANTES ASEO,1.0,0.0,0.0,0.0,3430.78,0.0,0.0,3430.78,0.0,2100
N/A ,DOT21,DOTA LAPIZ MIRADO,11.0,0.0,0.0,0.0,700.0,0.0,0.0,7700.0,0.0,7700
N/A ,DOT22,DOTA BORRADOR,24.0,0.0,0.0,0.0,268.92,0.19,0.0,7680.36,1226.28,9600
N/A ,DOT23, DOTA SACAPUNTAS ,23.0,0.0,0.0,0.0,204.79,0.19,0.0,5605.1,894.93,6900
N/A ,DOT26,PORTAMINA 0.7,2.0,0.0,0.0,0.0,2378.0,0.19,0.0,5659.64,903.64,5800
N/A ,DOTA,ROTULO CIRCULAR,84.0,0.0,0.0,0.0,222.69,0.0,0.0,18705.96,0.0,222600
,DOTA004,DOTA ALGODON INYETOLOGIA 50 GR,108.0,0.0,0.0,0.0,3002.97,0.0,0.0,324320.76,0.0,334800
N/A ,DOTA110,QUITA HONGOS,3.0,0.0,0.0,0.0,2783.33,0.0,0.0,8349.99,0.0,10050
N/A ,DOTA19,CINTA TRANSPARENTE PEQUEÑA,4.0,0.0,0.0,0.0,1000.0,0.19,0.0,4760.0,760.0,4800
DOTACION MULTIFARMA,DOTASTUDMARK,DOTA GRAPADORA,4.0,0.0,0.0,0.0,9691.94,0.19,0.0,46133.63,7365.87,45600
N/A ,DT02415,DT PERFORADORA,7.0,0.0,0.0,0.0,7977.19,0.19,0.0,66449.99,10609.66,66500
N/A ,DT03145,DT SEPARADOR CARTULINA,120.0,0.0,0.0,0.0,398.18,0.19,0.0,56860.1,9078.5,48000
DOTACION MULTIFARMA,DT123,DOTA ESPONJA PARA LIMPIAR ,24.0,0.0,0.0,0.0,532.19,0.19,0.0,15199.35,2426.79,16800
DOTACION MULTIFARMA,DT125,DOTA CORRECTOR ,2.0,0.0,0.0,0.0,1647.0,0.19,0.0,3919.86,625.86,4000
DOTACION MULTIFARMA,DT126,DOTA ESCOBA REPUESTO,8.0,0.0,0.0,0.0,4700.0,0.0,0.0,37600.0,0.0,37600
DOTACION MULTIFARMA,DT128,DOTA TRAPEADOR,10.0,0.0,0.0,0.0,8492.31,0.0,0.0,84923.1,0.0,84000
COMIS-GCNG,E004,OSTEOSAN GEL 40 GR BIOQUIFAR,16.0,0.0,0.0,0.0,4264.24,0.0,0.0,68227.84,0.0,68800
COMIS-GCNG,E014,VAIO 8MG 30 TBL,26.0,0.0,0.0,0.0,19514.7,0.0,0.0,507382.2,0.0,535600
COMIS-GCNG,E019,ZERIDIL 5MG/5ML JARABE 60 ML LABQUIFAR,16.0,0.0,0.0,0.0,6322.25,0.0,0.0,101156.0,0.0,107200
COMIS-GCNG,E022,TRICLIMBAC SOLU 10 ML LABQUIFAR,37.0,0.0,0.0,0.0,7379.9,0.0,0.0,273056.3,0.0,277500
COMIS-GCNG,E025,CORTISOLONA CREM 20 GR,20.0,0.0,0.0,0.0,5249.25,0.0,0.0,104985.0,0.0,106000
COMIS-GCNG,E029,DIGLUFOR 850 MG 30 TBL LABQUIFAR,17.0,0.0,0.0,0.0,9518.7,0.0,0.0,161817.9,0.0,163200
COMIS-GCNG,E031,DERMIQUEN 60 GR CREMATOPICA,25.0,0.0,0.0,0.0,11596.53,0.0,0.0,289913.25,0.0,292500
COMIS-GCNG,E039,EUTARPAN 10 MG 100 TBL,1.0,0.0,0.0,0.0,17740.0,0.0,0.0,17740.0,0.0,17800
LABQUIFAR,E040,EUMOXINA 500 MG 100 TBL LABQUIFAR,8.0,0.0,0.0,0.0,39372.0,0.0,0.0,314976.0,0.0,320800
COMIS-GCNG,E046,NEWTARPAN JARABE 120 ML,14.0,0.0,0.0,0.0,11347.52,0.0,0.0,158865.28,0.0,166600
COMIS-GCNG,E059,LIRODERM LOCION 60 ML LABQUIFAR,39.0,0.0,0.0,0.0,9789.2,0.0,0.0,381778.8,0.0,390000
COMIS-GCNG,E067,FINAPAR 20 ML ,35.0,0.0,0.0,0.0,3651.39,0.0,0.0,127798.65,0.0,136500
COMIS-GCNG,E086,BETAZKOV 8MG/2ML CAJA 5 AMPOLLAS,41.0,0.0,0.0,0.0,7687.4,0.0,0.0,315183.4,0.0,315700
LABQUIFAR,E093,ZIVICAL D 20 TBL LABQUIFAR,8.0,0.0,0.0,0.0,6833.84,0.0,0.0,54670.72,0.0,55200
COMIS-GCNG,E118,LOSARTEN 50 MG 30 TBL,24.0,0.0,0.0,0.0,6827.16,0.0,0.0,163851.84,0.0,177600
COMIS-GCNG,E125,"CORTISOLONA LOCION 0,5% LABQUIFAR",14.0,0.0,0.0,0.0,4976.0,0.0,0.0,69664.0,0.0,70000
COMIS-GCNG,E126,BACMICINE 750 MG 10 TBL BIOQUIFAR,12.0,0.0,0.0,0.0,46388.0,0.0,0.0,556656.0,0.0,556800
COMIS-GCNG,E327,BACMICINE 375 MG 10 TBL BIOQUIFAR,5.0,0.0,0.0,0.0,25980.3,0.0,0.0,129901.5,0.0,127000
COMIS-GCNG,E337,SERTRANQUIL 50 MG 10 TBL BIOQUIFAR,24.0,0.0,0.0,0.0,6263.4,0.0,0.0,150321.6,0.0,153600
DOTACION MULTIFARMA,E562,DOTA MARCADORES,12.0,0.0,0.0,0.0,1537.67,0.19,0.0,21957.93,3505.89,22800
DOTACION MULTIFARMA,E563,DOTA TIJERAS ,10.0,0.0,0.0,0.0,2878.82,0.19,0.0,34257.96,5469.76,36000
COMIS-GCNG,E6032,CURATOS MIEL 125 ML,4.0,0.0,0.0,0.0,12857.75,0.0,0.0,51431.0,0.0,54000
LABQUIFAR,G067,EUTARPAN JARABEL 120 ML,12.0,0.0,0.0,0.0,5800.0,0.0,0.0,69600.0,0.0,78000
COMIS-GCNG,G074,MEBICITROF 250 MG 120 ML LABQUIFAR,15.0,0.0,0.0,0.0,8570.44,0.0,0.0,128556.6,0.0,126000
COMIS-GCNG,G075,TACNA 375 MG 10 TBL,17.0,0.0,0.0,0.0,28139.82,0.0,0.0,478376.94,0.0,476000
COMIS-GCNG,G076,XINPA 100 MG 60 ML  WHESTHER,16.0,0.0,0.0,0.0,12305.6,0.0,0.0,196889.6,0.0,196800
COMIS-GCNG,G077,XINPA 500 MG 6 TBL WHESTHER,43.0,0.0,0.0,0.0,13075.91,0.0,0.0,562264.13,0.0,567600
COMIS-GCNG,G082,SERTRANQUIL 100 MG 10 TBL LABQUIFAR,33.0,0.0,0.0,0.0,9793.9,0.0,0.0,323198.7,0.0,330000
COMIS-GCNG,G084,DIFAZIN 40 GR,40.0,0.0,0.0,0.0,6581.7,0.0,0.0,263268.0,0.0,264000
COMIS-GCNG,G087,LINDAZOL -2 CREMA 20 GR,19.0,0.0,0.0,0.0,11500.0,0.0,0.0,218500.0,0.0,218500
COMIS-GCNG,G088,LINDAZOL -2 PLUSS 3 OVULOS,31.0,0.0,0.0,0.0,15800.21,0.0,0.0,489806.51,0.0,505300
RUECAM,G090,SKINDERM 40 GR,7.0,0.0,0.0,0.0,8750.0,0.0,0.0,61250.0,0.0,61600
COMIS-GCNG,G155,VIGRADINA 50 MG 4 TBL,6.0,0.0,0.0,0.0,4103.72,0.0,0.0,24622.32,0.0,25200
DOTACION MULTIFARMA,G19930,DOTA ASEO TOTAL CREMA LIMPIADORA,24.0,0.0,0.0,0.0,8042.33,0.0,0.0,193015.92,0.0,192000
COMIS-GCNG,G351,VIOXIN 4% JABON ANTIBAC. 60ML,5.0,0.0,0.0,0.0,4931.81,0.0,0.0,24659.05,0.0,25000
COMIS-GCNG,G352,VIOXIN SOLUCION DE CLORHEXIDINA 2.3% 60 ML,32.0,0.0,0.0,0.0,4250.36,0.0,0.0,136011.52,0.0,140800
MULTIFARMA,MANOS LIBRES AM,MANOS LIBRES AM604,1.0,0.0,0.0,0.0,5000.0,0.19,0.0,5950.0,950.0,5000
MULTIFARMA,R1248,BRILLO QUOIDEN ROSE,3.0,0.0,0.0,0.0,4033.61,0.19,0.0,14399.99,2299.16,12102
DOTACION MULTIFARMA,RESALTADOR,DOTA RESALTADOR,6.0,0.0,0.0,0.0,1731.17,0.19,0.0,12360.55,1973.53,12600
DOTACION MULTIFARMA,T40,DOTA BOLSA T40 X 100 UD,12.0,0.0,0.0,0.0,8823.53,0.19,0.0,126000.01,20117.65,127200
,TOTAL GENERAL,,,,,,,,,76388281.89,2011515.02,68187648
