Codigo,Nombre,Sugerido,Laboratorio,contenido Caja,contenido Blister,contenido Unidad,Inventario Caja,Inventario Blister,Inventario Unidad,UltimaCompra,Cantidad Vendida Caja,Cantidad Vendida Blister,Cantidad Vendida Unidad,Costo Unitario,Precio Venta Contado
7709830214030,FONKINK 500MG 3 TABLETAS,0,COMIS-GCNG,1,0,0,8,0,0,2025-03-18 12:30:07.057,1.0,0,0,7400.0,18700
200025330,JERINGA ALFA SAFE 50 CC 21 G X 1 1/2,0,ALFA TRADING SAS,1,0,0,2,0,0,,1.0,0,0,1142.0,2000
541134423456,PRESERVATIVO PREVENTOR CLASSIC X 3 UNDS,1,COMIS-GCNG,1,0,0,0,0,0,,1.0,0,0,4500.0,10800
100019903,FOSFOGEN 40 TABLETAS,1,SEVERIANO FERNANDEZ CIA.,1,0,0,0,0,0,,1.0,0,0,12192.0,28100
100006014,VITAMINA C 500 MG MANDARINA 100 TBS MK,0,TECNOQUIMICAS S.A.,100,10,10,0,8,80,,0.1,1,10,33589.0,50500
7709506348427,LINCOFAR 600MG 2 ML 10 AMP,0,COMIS-GCNG,10,0,1,17,0,179,,0.2,0,2,18500.0,120500
A00186,TUDERMIFAR CREMA 40 GR LABQUIFAR,0,COMIS-GCNG,1,0,0,3,0,0,2025-03-26 12:34:30.467,1.0,0,0,5800.0,14500
A00219,ACTIVIRAL 200 MG 20 TBL LABQUIFAR,0,COMIS-GCNG,20,2,10,5,10,100,,1.0,2,20,8396.0,21400
E029,DIGLUFOR 850 MG 30 TBL LABQUIFAR,0,COMIS-GCNG,30,3,10,2,8,80,2025-03-18 12:30:07.057,1.0,3,30,8000.0,20000
E043,LAMDOTIL 16 TBL,1,COMIS-GCNG,16,0,1,0,0,0,,1.0,0,16,7700.0,20500
7707263004518,KENCYCAPS 100 MG 10 CAPS,0,COMIS-GCNG,1,0,0,3,0,0,2025-02-19 10:59:15.517,3.0,0,0,7800.0,19800
200005956,LIMAS ZAFHIRS PROFESION 144 UND,0,DISPROVEN S.A.S,144,0,1,0,0,88,,0.01,0,1,37268.0,71700
100019163,MIOFLEX 750 MG 100 TABLETAS,1,LAB. INTERNACIONAL DE COL,100,10,10,0,0,0,,0.1,1,10,61998.0,91000
G088,LINDAZOL -2 PLUSS 3 OVULOS,0,COMIS-GCNG,1,0,0,5,0,0,2025-03-18 12:30:07.057,1.0,0,0,16300.0,40800
100027250,NAT C GOMITAS VITAMINA C 50 UNDS (SAV),0,MEGA LIFESCIENCES COLOMBI,25,0,1,0,0,8,,0.12,0,3,9916.0,32400
100024464,ALCOHOL ANTISEPTICO ALCOPY 120 ML,0,ICOM,1,0,0,4,0,0,,2.0,0,0,1616.0,2800
100025663,PROPOLEO HERBAL 180 ML ICOM,0,ICOM,1,0,0,2,0,0,,2.0,0,0,6954.0,14500
7703286209954,AGUA MICELAR X 220 ML,1,LABORATORIOS MEDICK S.A.S,1,0,0,0,0,0,,1.0,0,0,14721.33,35400
A00259,PROZIDEX 20 MG 10 CAPSULAS BIOQUIFAR,1,COMIS-GCNG,10,0,1,0,0,0,,1.0,0,10,2100.0,6200
A00291,PROZIDEX 20 MG 30 CAPSULAS BIOQUIFAR,0,COMIS-GCNG,30,2,15,2,5,75,2025-02-19 10:59:15.517,1.0,2,30,4400.0,15300
7707308720328,SKIN MAX ACETATO ALUMINIO + VIT A X 120 ML,0,COMIS-GCNG,1,0,0,6,0,0,2025-04-03 17:08:00.410,1.0,0,0,5400.0,15200
200025539,GOTERO DE VIDRIO ALFA BOLSA 20 UND,0,ALFA TRADING SAS,20,0,1,1,0,22,,0.05,0,1,12000.0,21400
200034960,CENTRUM ADVANCE 100 TABLETAS,1,HALEON COLOMBIA S.A.S.,1,0,0,0,0,0,,1.0,0,0,57656.0,90600
A00177,DERMASKIN CREMA 40 GR,0,COMIS-GCNG,1,0,0,3,0,0,2025-04-03 17:08:00.410,1.0,0,0,11200.0,22400
200024542,PRESERVAT.TODAY TRIPLE PLEASURE 3 UND,0,HALEON COLOMBIA S.A.S.,1,0,0,4,0,0,,1.0,0,0,9478.5,18800
7702896001231,DEXABLAS DEXAM. 8MG  5 AMP BLASKOV,0,COMIS-GCNG,5,0,1,8,0,43,2025-03-18 12:30:07.057,1.2,0,6,7800.0,60500
A00223,CINDIMIZOL 200 MG 5 CAPSULAS BIOQUIFAR,1,COMIS-GCNG,5,0,1,0,0,0,2025-03-18 12:30:07.057,3.0,0,15,7400.0,18800
100013901,BUSCAPINA FEM 90 TABLETAS (A),0,OPELLA HEALTHCARE COLOMBI,90,15,6,0,11,66,,0.07,1,6,123500.0,156400
100027768,GOGAZ 200 MG 50 CAPSULAS,0,MEGA LIFESCIENCES COLOMBI,5,0,1,2,0,14,2025-03-18 12:30:07.057,0.6,0,3,23750.0,59400
A00212,ZERIDIL 10 MG 10 TBL BIOQUIFAR,0,COMIS-GCNG,10,0,1,6,0,60,2025-04-03 17:08:00.410,3.0,0,30,2800.0,8200
96D,VIOXIN JABON 4% FCO 60ML,0,COMIS-GCNG,1,0,0,7,0,0,2025-03-18 12:30:07.057,1.0,0,0,5000.0,12500
A00221,AZTROBAC 500 MG 3 TBL BIOQUIFAR,0,COMIS-GCNG,1,0,0,4,0,0,,2.0,0,0,7300.0,22800
200015355,PREP.TODAY PG.20 LL.24 SURTIDO (A),0,HALEON COLOMBIA S.A.S.,24,0,1,0,0,1,,0.04,0,1,213200.0,345200
200042220,PRESERVAT.TODAY REAL SENSATION 3 UND,0,HALEON COLOMBIA S.A.S.,1,0,0,2,0,0,,1.0,0,0,11181.0,17000
200038629,CEP.DEN. ADULTO SUAVE ANDES LB,0,ICOM,1,0,0,4,0,0,,1.0,0,0,1550.0,4900
100004832,DOLOFEN 500 MG 60 CAPSULAS,0,PROCAPS S.A.,60,15,4,0,3,12,,0.13,2,8,14499.0,49000
A00509,TOALLITAS HUMEDAS 24 UND WINNY,0,TECNOQUIMICAS S.A.,1,0,0,15,0,0,,1.0,0,0,2521.0,4100
E437,TOALLITAS HUMEDAS WINNY ALOE VERA 100 UND,0,TECNOQUIMICAS S.A.,1,0,0,4,0,0,,4.0,0,0,8751.0,13400
100026983,MEGA WE CARE ZIRIN 50 CAP BLANDAS (SAV),0,MEGA LIFESCIENCES COLOMBI,50,5,10,1,7,70,2025-03-12 14:43:52.347,1.0,5,50,27750.0,69400
7701021118264,WINNY GOLD ETA 6 X 30 UND,1,TECNOQUIMICAS S.A.,1,0,0,0,0,0,,2.0,0,0,43057.0,61500
7709233974418,RODIFLEX 15 MG 10 TBLS,0,COMIS-GCNG,1,0,0,2,0,0,,3.0,0,0,4500.0,13300
G155,VIGRADINA 50 MG 4 TBL,0,COMIS-GCNG,4,0,1,8,0,32,2025-03-18 12:30:07.057,1.0,0,4,4200.0,16300
G501,IBUPROFAR TBL 800 MG CAJA X 60 TAB,0,COMIS-GCNG,6,0,1,1,0,11,2025-02-19 10:59:15.517,0.83,0,5,29700.0,74800
100022703,AMOXICILINA SOLOMOXY 500 MG 60 CAPSULAS,0,FAES FARMA COLOMBIA SAS,6,0,1,2,0,13,,0.33,0,2,16568.0,82100
B023,ESPASMYDOL 20 TBL LABQUIFAR,0,COMIS-GCNG,20,2,10,2,5,50,2025-03-18 12:30:07.057,3.0,6,60,16000.0,40400
G075,TACNA 375 MG 10 TBL,0,COMIS-GCNG,1,0,0,2,0,0,2025-03-01 08:53:12.093,1.0,0,0,28000.0,70000
100010199,BETAMETASONA 4 MG 1 ML 10 AMPOLLAS GF,1,GENFAR S.A.,10,0,1,0,0,0,,0.1,0,1,25917.0,37500
7709740450375,PRANEXXIN 500MG 6 TABLETAS,0,COMIS-GCNG,1,0,0,6,0,0,,1.0,0,0,9500.0,29300
7707019402087,REFLEXAL  METOCARBAMOL 750MG 20,0,COMIS-GCNG,20,2,10,1,2,20,,3.0,6,60,6100.0,17500
7702896001347,LAGRIKOV GOTAS 15ML,0,COMIS-GCNG,1,0,0,4,0,0,2025-02-19 10:59:15.517,1.0,0,0,7000.0,28000
A00379,MIODIN-B12 6 AMPOLLAS LABQUIFAR,0,COMIS-GCNG,6,0,1,2,0,17,,0.33,0,2,24400.0,108400
7707019339123,DIFLENAC RETARD  100MG  20 CAPS,0,COMIS-GCNG,20,2,10,7,14,140,,0.5,1,10,7700.0,21100
E022,TRICLIMBAC SOLU 10 ML LABQUIFAR,0,COMIS-GCNG,1,0,0,3,0,0,2025-02-19 10:59:15.517,1.0,0,0,7500.0,18100
614143299773,SPRAY FUNGI-FIN X 30 ML,1,DICOLFARMA,1,0,0,0,0,0,,1.0,0,0,7384.0,26900
A00214,EUTARPAN 10 MG 10 TBL BIOQUIFAR,1,COMIS-GCNG,10,0,1,0,0,0,,5.0,0,50,1800.0,7200
A00182,DERMASKIN CREMA 20 GR,0,COMIS-GCNG,1,0,0,3,0,0,2025-04-03 17:08:00.410,1.0,0,0,7500.0,14500
7703712080430,BECOLIT CREMA 40 GR,0,COMIS-GCNG,1,0,0,2,0,0,2025-03-18 12:30:07.057,2.0,0,0,13900.0,34800
100025212,VACUNA ANTIT. DELTA CJ.10 AMP. (R)(SAV),0,DISFARMACOL LTDA.,10,0,1,0,0,9,,0.1,0,1,158925.0,193000
100001759,LORATADINA 10 MG 10 TABLETAS GF,0,GENFAR S.A.,1,0,0,3,0,0,,1.0,0,0,2591.0,4100
100006052,CALADRYL LOCION 100 ML,1,HUMAX PHARMACEUTICAL,1,0,0,0,0,0,,1.0,0,0,12183.5,23400
100026985,GOFEN FORTE 400MG 60 CAP BLANDAS (SAV),0,MEGA LIFESCIENCES COLOMBI,60,6,10,1,9,90,2025-02-19 10:59:15.517,0.17,1,10,29100.0,73300
100027580,GIGI12 7 STICKS 7 GRAMOS,1,LABORATORIO FRANCO COLOMB,1,0,0,0,0,0,,1.0,0,0,48848.0,72100
100008821,FLUIMUCIL 600 MG 30 SBS,0,ZAMBON COLOMBIA S.A.,30,0,1,0,0,8,,0.33,0,10,82654.0,87500
100007929,AMPICILINA 500 MG 100 CAPSULAS MK,0,TECNOQUIMICAS S.A.,100,10,10,0,5,50,,0.1,1,10,58379.0,69500
200020400,PIEDRA ALUMBRE 15 GR 30 SBS ATHOS,0,LAB. ATHOS S.A.S,30,0,1,0,0,16,,0.03,0,1,9431.0,15500
A00156,POLIOFTAL 5 ML BLASKOV,0,BLASKOV LTDA,1,0,0,2,0,0,2025-02-19 10:59:15.517,1.0,0,0,6500.0,24100
100016742,NOXPIRIN SINUS 12 TBS,0,LAB.SIEGFRIED S.A,12,0,1,2,0,24,,1.0,0,12,12382.0,14800
100011051,AINEDAP 500 MG 10 TBS ICOM,0,ICOM,10,0,1,5,0,50,,1.0,0,10,8118.88,20600
100020152,NULYTELY CAJA 10 SBS (A)(3%+),1,ADIUM S.A.S.,10,0,1,0,0,0,,0.3,0,3,201711.0,211200
200004844,HIDROFUGAL ANTI-TRANSPI.ROLL-ON 50 ML,1,BEIERSDORF S.A.,1,0,0,0,0,0,,1.0,0,0,38171.0,68500
200026431,BIO OIL 60 ML,0,PREBEL S.A,1,0,0,1,0,0,,1.0,0,0,16194.0,35000
100001808,TIAMINA 300 MG 250 TABLETAS GF,0,GENFAR S.A.,250,25,10,0,3,30,,0.12,3,30,100880.0,136400
7707263008059,ACED FULL/SIMETICONA/MAGNESIO X 150ML,1,COMIS-GCNG,1,0,0,0,0,0,2025-03-18 12:30:07.057,1.0,0,0,6800.0,17700
200037082,GOMAS VITA BEARS C 180UND REP BOMBO ICOM,0,ICOM,45,0,1,0,0,8,,0.04,0,2,23608.0,58500
100023615,DEXAMETASONA 4 MG/1ML 10 AMPOLLAS GF,0,GENFAR S.A.,10,0,1,1,0,19,,0.2,0,2,19744.0,37000
200044753,PACK PRESERVATIVOS DUREX 18 X 3 UND,0,RB HEALTH COLOMBIA,18,0,1,0,0,5,,0.11,0,2,162431.0,266800
200020382,GLICERINA PURA 30 ML 12 UND ATHOS,0,LAB. ATHOS S.A.S,12,0,1,0,0,11,,0.08,0,1,15235.0,23100
100020531,ENEMAG SOL.ORAL MARACUYA 133 ML ICOM,1,ICOM,1,0,0,0,0,0,,1.0,0,0,10263.0,20100
E108,ENERXIS 30 CAPSULAS,0,N/A ,30,2,15,3,6,90,2025-02-19 10:59:15.517,1.0,2,30,14800.0,37500
100019596,HIOSCINA N-BUTIL/BROMURO 10MG 100TBS RC,0,LABORATORIOS BUSSIE S.A.,100,5,20,0,1,20,,0.2,1,20,64272.0,76500
LC1267,PESTAÑINA ACIDO HYALURONIC GEL MASCARA,0,MULTIFARMA,1,0,0,1,0,0,,1.0,0,0,5672.33,10500
200043640,GEL BUCAL DOLPACK KIDS AFTAS 15G+PIN+ALG,1,BIC COLOMBIA S.A.,1,0,0,0,0,0,,1.0,0,0,10798.0,27200
100010681,TRIFAMOX IBL-DUO SUSP. 60 ML(A(3%+),1,LAB. BAGO DE COLOMBIA LTD,1,0,0,0,0,0,,1.0,0,0,94384.0,98900
100022878,CALCIBON NATAL FORTE 30 TBS (3%+) (PAE),1,FARMA DE COLOMBIA S.A.,1,0,0,0,0,0,,1.0,0,0,98496.0,105500
100000477,ASPIRINA EFERVESCENTE 500 MG 50 TABLETAS,0,BAYER S.A.,25,0,1,0,0,9,,0.04,0,1,50574.0,55500
0745853547974,GACTRITE CON ALOE VERA 360 ML,1,DICOLFARMA,1,0,0,0,0,0,,1.0,0,0,11695.5,29300
E019,ZERIDIL 5MG/5ML JARABE 60 ML LABQUIFAR,1,COMIS-GCNG,1,0,0,0,0,0,,1.0,0,0,6100.0,15800
200018815,TAPABOCA DESECHAB.ALFA AZUL E.I 50UDS,1,ALFA TRADING SAS,50,0,1,0,0,0,,0.08,0,4,11429.0,25600
100001737,IBUPROFENO 400 MG 100 TABLETAS GF,1,GENFAR S.A.,10,0,1,0,0,0,,0.1,0,1,16513.0,25700
100022468,HIDRAPLUS 45 ZINC FRESA 400 ML SUERO ORA,1,TECNOQUIMICAS S.A.,1,0,0,0,0,0,,1.0,0,0,9063.0,9300
7702057736965,VITA C MK NJA 10 SOBRES,0,TECNOQUIMICAS S.A.,10,0,1,0,0,3,,0.1,0,1,11240.0,20500
7702090023008,AGUA CRISTAL CON GAS 600 ML,0,INDUSTRIA NACIANAL DE GASEOSAS,1,0,0,12,0,0,2025-02-28 08:14:44.700,8.0,0,0,1254.17,2400
200025534,TERMOMETRO  DIGITAL FLEX.INFANTIL INVER.,0,INVERFARMA SAS,1,0,0,1,0,0,,1.0,0,0,11670.0,18600
200020203,FRASCO PARA ORINA MEDICAL 50 UND,0,MEDICAL NISSI SAS,50,0,1,0,0,10,,0.02,0,1,11128.0,16900
7702025142033,FESTIVAL OREO RECREO ,0,pepsico,1,0,0,5,0,0,,1.0,0,0,939.17,1800
7702025101290,GALLETAS DUX X9UND,1,pepsico,1,0,0,0,0,0,,2.0,0,0,605.0,1100
7702090033601,JUGO HIT LULO 500 ML,0,MULTIFARMA,1,0,0,1,0,0,,4.0,0,0,1960.75,3200
9002490100070,REDBULL 250 ML,0,MULTIFARMA,1,0,0,7,0,0,2025-03-25 08:05:59.297,1.0,0,0,5367.63,8000
7703460066946,NATUMALTA 400 ML,0,MULTIFARMA,1,0,0,15,0,0,2025-02-28 08:14:44.700,16.0,0,0,1890.75,2600
7703460075917,JUGO HIT MORA 500 ML,0,MULTIFARMA,1,0,0,11,0,0,,2.0,0,0,1960.75,3200
7703460075887,JUGO HIT FRUTOS TROPICALES 500 ML,0,MULTIFARMA,1,0,0,5,0,0,,2.0,0,0,1960.75,3200
100002309,AGUA OXIGENADA JGB 120 ML,0,JGB S.A.,1,0,0,6,0,0,,1.0,0,0,4575.75,5100
100017884,LOSARTAN 50 MG+HCT 12.5 MG 30 TBS EC,0,LABORATORIOS ECAR S.A.,1,0,0,2,0,0,2025-03-18 12:30:07.057,1.0,0,0,22700.0,38400
200002985,CURAS CURE BAND SUPER VENDITAS 100 UND,0,TECNOQUIMICAS S.A.,100,0,1,3,0,321,,0.38,0,38,9174.4,11300
7702090027884,AGUA H2O LIMA LIMON 600 ML,0,pepsico,1,0,0,5,0,0,,6.0,0,0,1820.71,3200
7702090029154,AGUA H2O MARACUYA 600ML,0,POSTOBON ,1,0,0,7,0,0,2025-03-10 14:25:48.157,1.0,0,0,1820.71,3200
7702090029871,JUGO HIT PINA NARANJA 500 ML,0,POSTOBON ,1,0,0,9,0,0,2025-03-25 08:05:59.297,3.0,0,0,1960.67,3200
100009940,KEPPRA 500 MG 30 TBS (P)44100(SC)(SF),0,GLAXO SMITHKLINE COLOMBIA,1,0,0,2,0,0,,1.0,0,0,41190.0,45600
200038370,GUANTE NITRILO NEGRO T.L 2 UND INVERFARM,0,INVERFARMA SAS,1,0,0,2,0,0,,2.0,0,0,1591.33,2600
200045076,VICK DROPS 125 PASTILLAS SURTIDAS,0,PROCTER  GAMBLE COLOMBIA,125,0,1,0,0,55,,0.1,0,13,51037.0,71000
200041084,NIVEA SUN SHINE CONTROL SPF50 50 ML,1,BEIERSDORF S.A.,1,0,0,0,0,0,,1.0,0,0,30463.0,45900
100005212,CALMIDOL COMPUESTO 48 GRAGEAS,1,OPELLA HEALTHCARE COLOMBI,48,0,1,0,0,0,,0.5,0,24,78037.0,89500
7702090044577,LIMONATA H2O 600 ML,1,pepsico,1,0,0,0,0,0,,3.0,0,0,1820.63,3200
7702090029826,MR TEA DURAZNO 500 ML,0,pepsico,1,0,0,4,0,0,,3.0,0,0,1750.67,3000
200007166,DUCHA INTIMA DESECHABLE AZUL VINAGRE,0,INTERNACIONAL DE PERFUMER,1,0,0,2,0,0,,1.0,0,0,14025.0,17900
7702025136049,SALTIN ROJO 216 GR ,1,pepsico,1,0,0,0,0,0,,6.0,0,0,504.22,1200
7702007074185,MANI LA ESPECIAL PASAS X12UND,1,pepsico,1,0,0,0,0,0,,4.0,0,0,1344.5,2300
200031170,OPTIFREE PURE MOIST 120 ML,1,ALCON DE COLOMBIA S.A,1,0,0,0,0,0,,1.0,0,0,27949.0,39000
200027423,CURAS LEUKOPLAST PIEL 100 UND,0,BSN MEDICAL LTDA.,100,0,1,0,0,98,,0.1,0,10,10424.0,26300
7702090071849,SPEED MAX 310 ML,0,pepsico,1,0,0,13,0,0,,8.0,0,0,1400.54,2300
200005302,CILKA CREMA,0,VILLA VERGARA  S A S,1,0,0,1,0,0,,1.0,0,0,19302.5,28100
100024939,BUSCAPINA NF COMPOSITUM 325/10MG 100 TBS,0,OPELLA HEALTHCARE COLOMBI,100,10,10,1,13,131,2025-03-26 12:34:30.467,0.2,2,20,166800.0,194900
100005938,PANGETAN NF 100 TABLETAS(A),0,TECNOQUIMICAS S.A.,100,0,1,0,0,36,,0.04,0,4,209292.0,220600
A00108,OXY GRIP 100 CAPSULAS,0,LABORATORIO OXYPHARMA,100,25,4,0,13,52,,0.08,2,8,28000.0,75500
7702090020847,BRETAÑA 300 ML,0,POSTOBON ,1,0,0,20,0,0,2025-02-28 08:14:44.700,5.0,0,0,2120.79,2700
100007919,DITOPAX 50 TABLETAS,0,EUROFARMA COLOMBIA S.A.S,5,0,1,0,0,2,,0.2,0,1,34451.0,36400
100019960,NARAMIG 2.5MG 7 TBS(3%+)(P)57618(SC)(SF),0,GLAXO SMITHKLINE COLOMBIA,1,0,0,1,0,0,,1.0,0,0,52228.5,58600
100014901,MICARDIS 40 MG 28 COMP.(P)14605(SC)(SF),0,BOEHRINGER INGELHEIM,1,0,0,1,0,0,,1.0,0,0,13497.0,17800
200035580,VENDA ELASTICA COLOR PIEL 6X5 INVERFARMA,1,INVERFARMA SAS,1,0,0,0,0,0,,1.0,0,0,5451.0,7100
100004805,B-VIT PLUS 6 AMPOLLAS,0,PROCAPS S.A.,6,0,1,1,0,6,,0.17,0,1,85752.0,91400
100005902,LECHE DE MAGNESIA 360 ML MK,0,TECNOQUIMICAS S.A.,1,0,0,1,0,0,,1.0,0,0,23125.5,24200
500000041,GATORADE BLUE ICE 500ML,0,POSTOBON ,1,0,0,8,0,0,2025-03-31 15:32:47.260,1.0,0,0,2591.0,4100
7702192218050,GATORADE MANDARINA  500 ML X 12 UND,0,MULTIFARMA,1,0,0,9,0,0,2025-03-17 14:56:04.787,4.0,0,0,2591.0,3900
200017994,JERINGA 3P 5ML 21X1.1/2 100 UND INVERFAR,0,INVERFARMA SAS,100,0,1,0,0,63,,0.28,0,28,37906.0,56900
100021822,BUCOXOL TRIPLE ACCION MIEL LIMON 10 TBS,0,LABORATORIOS LA SANTE S.A,1,0,0,2,0,0,,1.0,0,0,13552.0,17100
100026810,VAPORAL INHALADOR BLISTER 1 LLAVERO,0,NEW TRADE INTERNATIONAL S,1,0,0,3,0,0,,1.0,0,0,4665.33,9700
100016942,NORAVER NARANJA MIEL 96 PASTILLAS (A),0,TECNOQUIMICAS S.A.,96,16,6,1,16,96,,0.13,2,12,169157.0,182500
100028461,VITAFER-L 10 ML 16 SACHETS,0,LABORATORIO NATURAL DIOR,16,0,1,0,0,10,,1.0,0,16,14362.0,24900
100026511,GASLID PLUS SUSP 10ML CAJA X 12 SBS ICOM,0,ICOM,12,0,1,2,0,28,,0.58,0,7,11368.33,25400
200020388,VASELINA BLANCA 30 GR 12 UND ATHOS,0,LAB. ATHOS S.A.S,12,0,1,0,0,4,,0.08,0,1,14220.0,21600
200042929,PONDS GEL LIMP. 2EN1 EXTR. ALOE 200ML,1,UNILEVER ANDINA COLOMBIA,1,0,0,0,0,0,,1.0,0,0,25811.0,38400
100023021,MEGA CRANBERRY 60 SOFTGELS,1,HEALTHY AMERICA COLOMBIA,1,0,0,0,0,0,,1.0,0,0,42319.0,63500
100022066,ANEXIA 120 MILIGRAMOS 7 TABLETAS,1,TECNOQUIMICAS S.A.,1,0,0,0,0,0,,1.0,0,0,70315.0,71600
100011983,BENZIRIN FORTE 120 ML,0,TECNOQUIMICAS S.A.,1,0,0,1,0,0,,1.0,0,0,61027.0,63600
200045458,VICK VAPORUB 12 GR 12 UND X CAJA,0,PROCTER  GAMBLE COLOMBIA,12,0,1,0,0,6,,0.25,0,3,39853.0,50500
200036136,GASA ALFA EST.NO TEJIDA 3X3 7.5 CM 50UND,0,ALFA TRADING SAS,50,0,1,0,0,46,,0.02,0,1,22750.0,40500
200016463,MAQ.PRESTOBARBA GILLETTE 3 10 UND,0,PROCTER  GAMBLE COLOMBIA,10,0,1,3,0,37,,0.3,0,3,31544.0,47500
100005923,NORAVER MENTA / FORTE 96 PASTILLAS (A),0,TECNOQUIMICAS S.A.,96,16,6,0,7,42,,0.06,1,6,169237.0,182500
100027981,MINOXIDIL +CBD 5% LOC.60 ML ICOM,0,ICOM,1,0,0,2,0,0,,1.0,0,0,15760.25,47400
100023777,VITAMINA C 1000 MG 100 CAPSULES IVA,1,HEALTHY AMERICA COLOMBIA,1,0,0,0,0,0,,1.0,0,0,29489.0,43400
100022145,BENZIRIN VERDE EUCALIPTO 100 TABLETAS(A),0,TECNOQUIMICAS S.A.,25,0,1,0,0,19,,0.04,0,1,212685.0,223400
100024868,AMLODIPINO 5 MG 10 TBS ICOM MQ,0,ICOM,1,0,0,9,0,0,,1.0,0,0,2247.0,6200
100015063,BACIPREX 500 MG 50 CAP ICOM,0,ICOM,50,5,10,3,16,160,,0.2,1,10,34981.67,107300
100024024,DOLIVIUM FEM 400/60 MG 48 CAP ICOM,0,ICOM,48,0,1,0,0,18,,0.25,0,12,46103.0,77400
100025971,ESOMEPRAZOL 20 MG 30 CAPSULAS ICOM,0,ICOM,3,0,1,4,0,14,,0.33,0,1,20198.0,49000
100020584,HIDROLAN 25 MG 20 TBS ICOM,0,ICOM,2,0,1,4,0,8,,1.0,0,2,4014.75,24800
100011053,CINEPRIDE 500 MG 10 TBS ICOM,0,ICOM,10,0,1,3,0,30,,1.0,0,10,6383.33,41100
100017083,OMEGA 3 300 MG 60 CAPS.BLAN ICOM,1,ICOM,1,0,0,0,0,0,,1.0,0,0,11984.0,36200
100001421,COMPLEJO B 250 TABLETAS EC,0,LABORATORIOS ECAR S.A.,25,0,1,0,0,17,,0.04,0,1,28526.0,38200
100001183,ADOREM ACETAMINOFEN 150 MG JARABE 120 ML,1,LAB.SIEGFRIED S.A,1,0,0,0,0,0,,1.0,0,0,6600.0,14800
100013773,OXIMETAZOLINA HCL 0.05% ADU.SPR.15 ML LS,1,LABORATORIOS LA SANTE S.A,1,0,0,0,0,0,,1.0,0,0,11623.8,14300
100019881,ACETAMINOFEN CRONOFEN 500 MG 400 TABS(A),0,NOVAMED S.A.,40,0,1,1,0,40,,0.03,0,1,21650.0,141000
100016280,SEVEDOL 60 TABLETAS,0,LABORATORIO FRANCO COLOMB,60,30,2,0,18,36,,0.07,2,4,85517.0,88100
100004281,NEO FUNGINA POLVO 200 GR,1,LABORATORIOS NEO LTDA,1,0,0,0,0,0,,1.0,0,0,38695.5,48400
100005327,DESONIDA MEDIHEALT 0.1% CREMA 15 GR,1,MEGALABS COLOMBIA SAS,1,0,0,0,0,0,,1.0,0,0,16208.0,20500
B013,CEPRAX 500 MG 50 CAPSULAS ANGLOPHARMA,0,ANGLOPHARMA,50,5,10,1,5,50,2025-03-18 12:30:07.057,1.0,5,50,24500.0,64400
7702025142910,GALLETA FESTIVAL MINICHIPS X12UND,0,pepsico,1,0,0,8,0,0,,1.0,0,0,1075.67,1800
7702025136797,GALLETA FESTIVAL LIMON ,0,MULTIFARMA,1,0,0,7,0,0,,3.0,0,0,941.17,1200
500000001,GALLETA FESTIVAL FRESA X12UND,0,,12,0,1,0,0,2,,0.08,0,1,10465.0,14000
500000004,GALLETA FESTIVAL CHOCOLATE X12 UND,0,LA RED,12,0,1,0,0,9,,0.08,0,1,11294.0,14000
100016743,NOXPIRIN JUNIOR F JBE 120 ML,1,LAB.SIEGFRIED S.A,1,0,0,0,0,0,,1.0,0,0,10754.0,16500
100005946,PREDNISOLONA 5 MG 30 TABLETAS MK,0,TECNOQUIMICAS S.A.,30,3,10,1,3,30,,1.0,3,30,15709.0,19400
200038248,GEL DE BANO BABARIA ACEITE OLIVA 600 ML,1,BABARIA COLOMBIA SAS,1,0,0,0,0,0,,1.0,0,0,7997.0,11800
100025201,LEGRIP DIA NARANJA 500MG 24 SBS ICOM,0,ICOM,24,0,1,1,0,32,,0.75,0,18,35850.5,56000
100026942,ELECTROLIT HIDRATANTE JAMAICA 625 ML,0,PISA FARMACEUTICAL DE COL,1,0,0,2,0,0,,1.0,0,0,6805.0,8500
200039929,GUANTES NIT.ALFASAFE AZUL TALLA S 12 UND,0,ALFA TRADING SAS,12,0,1,1,0,16,,0.25,0,3,5818.0,24000
100024744,LENTIDYL 20 MG 4 TABLETAS,0,LABORATORIOS ARMOFAR LIMI,4,0,1,5,0,20,,1.0,0,4,9917.0,60500
200038412,CEPILLO INTER. GUM 0.8 MM F.CILIND 6 UND,1,SUNSTAR AMERICAS INC,1,0,0,0,0,0,,1.0,0,0,15376.0,23300
200022389,DTE.NIVEA ROLL TONO NATURAL CLAS 50 ML M,0,BEIERSDORF S.A.,1,0,0,1,0,0,,1.0,0,0,7309.5,16500
100006043,PYRALVEX FRASCO X 10 ML NTI,0,NEW TRADE INTERNATIONAL S,1,0,0,2,0,0,,1.0,0,0,10051.0,27700
100014078,DULCOLAX 20 CAPSULAS,0,OPELLA HEALTHCARE COLOMBI,2,0,1,5,0,10,,1.0,0,2,18397.0,32100
200027187,CEPILLO PRO 425 MEDIO 2X1,0,PROCTER  GAMBLE COLOMBIA,1,0,0,3,0,0,,1.0,0,0,6506.67,14200
200036482,RUEDITAS DESMAQ.POMYS SENSITIVE 50 UD,0,PRODUCTOS FAMILIA S.A.,1,0,0,2,0,0,,1.0,0,0,4422.33,6200
200042020,TOA.NOSOTRAS BUENAS NOCHES TELA 24 UND,1,PRODUCTOS FAMILIA S.A.,1,0,0,0,0,0,,1.0,0,0,13877.0,27700
200038455,TOA.NOSOTRAS INVISIB.RAPIGEL DISP.30 UND,0,PRODUCTOS FAMILIA S.A.,1,0,0,2,0,0,,1.0,0,0,10579.33,19200
200011233,CREMA PONDS REJUVENESS 50 GR,0,UNILEVER ANDINA COLOMBIA,1,0,0,2,0,0,,1.0,0,0,10102.0,21900
200003453,CREMA PONDS S NUTRITIVA 50 GR,0,UNILEVER ANDINA COLOMBIA,1,0,0,2,0,0,,1.0,0,0,7506.33,16300
770729087462,LUBRICANTE MULTIORGASMO X 7M SEN INTIMO,0,SAN FIORANO,1,0,0,1,0,0,,1.0,0,0,2500.0,5100
100026750,TRAMADOL 100 MG GOTAS 10 ML ICOM MQ,0,ICOM,1,0,0,4,0,0,,1.0,0,0,3501.0,8800
100020953,BACTRODERM GEL ANTIBACTERIAL 135 ML,1,LABORATORIOS ECAR S.A.,1,0,0,0,0,0,,1.0,0,0,8634.0,9500
100002454,AZITROMICINA 500 MG 3 TABLETAS LS,0,LABORATORIOS LA SANTE S.A,3,0,1,8,0,24,,1.0,0,3,12688.0,14100
200041129,TOA.NOSOTRAS NAT.PLUS CANALGEL 10 UDS,0,PRODUCTOS FAMILIA S.A.,1,0,0,4,0,0,,1.0,0,0,3672.5,4800
200039286,ROXIDIL VIT.C MAS.500MG+ZINC FRE.100 TBS,0,ICOM,10,0,1,0,0,9,,0.1,0,1,26151.0,59100
100009990,ZIDOXTIFEN 500 MG 3 TBS ICOM,0,ICOM,3,0,1,9,0,27,,2.0,0,6,12174.5,45500
200040881,COPITOS ECO JGB FRASCO 50 UND,1,JGB S.A.,1,0,0,0,0,0,,1.0,0,0,3768.0,5900
100011580,ENTEROGERMINA 5 ML 10 AMP BEBIBLES,0,OPELLA HEALTHCARE COLOMBI,10,0,1,2,0,28,,1.3,0,13,63229.0,81500
100019530,GESTAVIT DHA 30 CAPSULAS (3%+)(PAE),1,PROCAPS S.A.,1,0,0,0,0,0,,1.0,0,0,78087.0,82900
100006050,CALADRYL CLEAR 100 ML,0,HUMAX PHARMACEUTICAL,1,0,0,1,0,0,,1.0,0,0,23059.0,29300
200007920,MANTECA DE CACAO LABIAL 12 UND ICOM,0,ICOM,12,0,1,0,0,8,,0.08,0,1,11981.0,23300
100024412,ROXIDIL VIT.C MAS.500MG+ZINC NAR.100TBS,0,ICOM,10,0,1,2,0,23,,0.4,0,4,26151.0,59100
200012597,PANUELOS FAMILIA CUIDADO GRIPAL 4 UND,0,PRODUCTOS FAMILIA S.A.,4,0,1,1,0,7,,0.75,0,3,5308.0,7900
100005838,ENALAPRIL 5 MG 50 TABLETAS MK,0,TECNOQUIMICAS S.A.,1,0,0,4,0,0,,1.0,0,0,14288.4,16600
100022267,NORAVER GRIPA BEBIDA DIA 15 GR 24 SBS,0,TECNOQUIMICAS S.A.,24,0,1,0,0,10,,0.33,0,8,64724.0,70100
100005965,SAL DE FRUTAS 50 SBS,0,TECNOQUIMICAS S.A.,50,0,1,0,0,42,,0.1,0,5,135328.0,138600
100022136,HIDRASOL 45 CON ZINC COCO 500ML ICOM,1,ICOM,1,0,0,0,0,0,2025-02-19 00:00:00.000,1.0,0,0,5754.0,8600
100026383,LIDOCAINA CLORHIDRATO 2% 10 ML,0,CORPORACION DE FOMENTO AS,1,0,0,2,0,0,2025-02-19 00:00:00.000,1.0,0,0,1197.0,2200
100005261,PAX CALIENTE NOCHE LIMON 24 SBS,0,EUROFARMA COLOMBIA S.A.S,24,0,1,2,0,58,2025-02-19 00:00:00.000,0.33,0,8,52210.0,55700
100001810,TINIDAZOL 1 GR 4 TABLETAS GF,0,GENFAR S.A.,4,0,1,1,0,4,2025-02-19 00:00:00.000,1.0,0,4,3508.5,4100
200023027,TAPABOCA AZUL 50 UND EMP.IND INVERFARMA,0,INVERFARMA SAS,50,0,1,2,0,110,2025-02-19 00:00:00.000,0.12,0,6,7766.0,25200
200040934,TAMPON OB SIEMPRE LIBRE ORIG SUPER 8 UND,0,JOHNSON  JOHNSON DE COLO,1,0,0,2,0,0,2025-02-19 00:00:00.000,1.0,0,0,8196.0,10100
200037386,CURAS MEDICARE REDONDAS C.PIEL 100 UND,0,OPTION S.A,100,0,1,2,0,266,2025-02-19 00:00:00.000,0.22,0,22,4473.0,8800
200043039,DTE.REXONA CLINICAL CLASSIC MUJER 30 G,0,UNILEVER ANDINA COLOMBIA,1,0,0,1,0,0,2025-02-19 00:00:00.000,1.0,0,0,2749.0,4300
200044397,EUGICA COFF HERBAL LOZENGES 120 CARAMELO,0,MEGA LIFESCIENCES COLOMBI,120,15,8,1,23,184,2025-03-18 12:30:07.057,1.0,15,120,21764.5,86900
200043697,CHAMPU ARRURRU CABELLO CLARO 750ML,0,BELLEZA EXPRESS S.A.,1,0,0,1,0,0,2025-02-22 00:00:00.000,1.0,0,0,16728.0,35600
100022765,ACNIBEN 300 MG 24 CAPSULAS ICOM MQ,0,ICOM,1,0,0,2,0,0,2025-02-22 00:00:00.000,2.0,0,0,29957.0,69100
100015683,CLORITIMICOTIN 1% CREMA.VAG 40 GR ICOM,0,ICOM,1,0,0,2,0,0,2025-02-22 00:00:00.000,1.0,0,0,9846.0,26400
100022519,CLORITIMICOTIN 3 OVULOS VAGINALES ICOM,0,ICOM,1,0,0,2,0,0,2025-02-22 00:00:00.000,1.0,0,0,13731.0,49100
100022540,DUONAZOL 200/100 MG 3 OVULOS VAGINA ICOM,0,ICOM,3,0,1,3,0,9,2025-02-22 00:00:00.000,1.0,0,3,14951.33,56500
100026227,ESP.TELA BLANCO FASTCARE 1X5 UND ICOM,0,ICOM,1,0,0,2,0,0,2025-02-22 00:00:00.000,1.0,0,0,3008.0,9300
100026053,LOSAN 50 MG 30 TABLETAS ICOM,0,ICOM,1,0,0,6,0,0,2025-02-22 00:00:00.000,2.0,0,0,6442.0,18600
200035969,VITALOR PLUS 400 GR ICOM,0,ICOM,1,0,0,2,0,0,2025-02-22 00:00:00.000,1.0,0,0,30021.5,46500
100016853,QUIMAR INYECTABLE 6 AMPOLLAS,0,LABORATORIOS ARMOFAR LIMI,6,0,1,2,0,14,,0.33,0,2,16100.0,83900
200040279,PAPEL HIGIENICO FAMILA ACOLCHAMAX MEGAROLLO 2 X 12 ROLLOS,1,PRODUCTOS FAMILIA S.A.,2,0,1,0,0,0,,1.0,0,2,35787.0,39700
100026794,ACID MANTLE BABY CREMA 100 GR,0,BAYER S.A.,1,0,0,2,0,0,2025-02-26 00:00:00.000,1.0,0,0,30027.0,42600
200021940,GASA FAST CARE ESTERIL 3X3 YD 12SBS ICOM,0,ICOM,1,0,0,7,0,0,2025-02-26 00:00:00.000,2.0,0,0,5674.0,14800
200027072,CHA.JJ BABY CABELLO OSCURO 750 ML,0,JOHNSON  JOHNSON DE COLO,1,0,0,2,0,0,2025-02-26 00:00:00.000,1.0,0,0,26883.0,39700
200030711,CHA.JJ GOTAS DE BRILLO 400 ML,0,JOHNSON  JOHNSON DE COLO,1,0,0,1,0,0,2025-02-26 00:00:00.000,1.0,0,0,17955.0,13900
100013904,YAXIBELLE 28 TBS (P)26910(SC)(SF),0,LABORATORIO FRANCO COLOMB,1,0,0,3,0,0,2025-02-26 00:00:00.000,1.0,0,0,24346.67,26500
100007770,ACIDO FOLICO 1 MG 100 TABLETAS EC,0,LABORATORIOS ECAR S.A.,1,0,0,1,0,0,2025-02-26 00:00:00.000,1.0,0,0,13067.0,15200
200043641,CHA.ELVIVE HIDRA HIALURONICO PURE 370 ML,0,LOREAL COLOMBIA S.A.,1,0,0,2,0,0,2025-02-26 00:00:00.000,2.0,0,0,12446.0,27300
200039812,CRE.COLGATE LUMIN.WHITE CARBON ACTI.75ML,0,COLGATE PALMOLIVE COMPANI,1,0,0,3,0,0,2025-02-28 00:00:00.000,3.0,0,0,9355.0,20200
100016911,CARVEDILOL 6.25 MG 30 TABLETAS GF(P)8918,0,GENFAR S.A.,1,0,0,2,0,0,2025-02-28 00:00:00.000,1.0,0,0,7717.5,10600
200030587,PROT.SOLAR BALAO SPF 50 10GR 24 SBS ICOM,0,ICOM,24,0,1,1,0,38,2025-02-28 00:00:00.000,0.08,0,2,24710.0,56000
100027620,CICADERM MAX CREMA 60 GR,1,FARMA DE COLOMBIA S.A.,1,0,0,0,0,0,,1.0,0,0,32394.0,49600
100001734,HIDROXICINA 25 MG 20 TABLETAS GF,0,GENFAR S.A.,20,2,10,1,2,20,2025-03-05 00:00:00.000,1.0,2,20,3490.0,7200
100001778,OMEPRAZOL 20 MG 10 CAPSULAS GF,1,GENFAR S.A.,1,0,0,0,0,0,2025-03-05 00:00:00.000,1.0,0,0,2692.0,4300
200038015,CHA.TIO NACHO ENGROSADOR 415ML(SF),0,GENOMMA LAB.COLOMBIA,1,0,0,1,0,0,2025-03-05 00:00:00.000,1.0,0,0,17348.0,36500
100000449,TRAVAD ORAL LIMON 133 ML,0,TECNOQUIMICAS S.A.,1,0,0,2,0,0,2025-03-05 00:00:00.000,1.0,0,0,28059.0,30700
100001917,DOLEX GRIPA 12 TABLETAS,0,HALEON COLOMBIA S.A.S.,1,0,0,1,0,0,2025-03-05 00:00:00.000,2.0,0,0,15660.5,16800
100003063,SOREL LOCION FACIAL 120 ML,0,LABORATORIOS ECAR S.A.,1,0,0,2,0,0,2025-03-05 00:00:00.000,1.0,0,0,15517.0,19700
100004493,TEGRETOL RET.200 MG 20 TB(P)7960(SC)(SF),0,NOVARTIS DE COLOMBIA S.A.,1,0,0,2,0,0,2025-03-05 00:00:00.000,2.0,0,0,7400.0,8800
100005151,EUCARBON HERBAL 10 TABLETAS,0,ROPSOHN THERAPEUTICS,1,0,0,1,0,0,2025-03-05 00:00:00.000,1.0,0,0,21351.0,25600
100005474,AFRISAL SOLUCION SALINA 30 ML,0,BAYER S.A.,1,0,0,1,0,0,2025-03-05 00:00:00.000,1.0,0,0,35400.0,40100
100012951,DIOSMINA 500 450/50 MG 30 TBS MK(P)26325,0,TECNOQUIMICAS S.A.,1,0,0,1,0,0,2025-03-05 00:00:00.000,1.0,0,0,25896.0,28300
100013993,VALSARTAN 160 MG 14 TABLETAS LS,0,LABORATORIOS LA SANTE S.A,1,0,0,2,0,0,2025-03-05 00:00:00.000,1.0,0,0,15045.0,21300
100014764,BONFIEST LUA PLUS 32 SBS,0,TECNOQUIMICAS S.A.,32,0,1,2,0,73,2025-03-05 00:00:00.000,0.16,0,5,111457.0,115100
100016932,TRILEPTAL 600 MG 30 TBS (P)41580(SC)(SF),0,NOVARTIS DE COLOMBIA S.A.,1,0,0,3,0,0,2025-03-05 00:00:00.000,1.0,0,0,38760.0,43400
100017631,PEDIALYTE CON ZINC 60 MANZANA 500 ML,0,ABBOTT LABORATORIES S.A,1,0,0,4,0,0,2025-03-05 00:00:00.000,2.0,0,0,8870.0,9700
100017938,MIELTERTOS JARABE 240 ML NF,0,LAB. NATURAL FRESHLY INFA,1,0,0,2,0,0,2025-03-05 00:00:00.000,1.0,0,0,23305.0,31500
100018400,MIELTERTOS PASTILLAS MASTICABLES 12 SBS,0,LAB. NATURAL FRESHLY INFA,12,0,1,2,0,27,2025-03-05 00:00:00.000,0.75,0,9,20693.0,30200
100019601,SEVEDOL EXTRA FUERTE 60 TABLETAS,0,LABORATORIO FRANCO COLOMB,60,0,1,1,0,102,2025-03-05 00:00:00.000,0.1,0,6,80625.0,114500
100019767,ZOPICLONA 7.5 MG 30 TABLETAS HP,0,HUMAX PHARMACEUTICAL,3,0,1,2,0,6,2025-03-05 00:00:00.000,1.0,0,3,22389.0,30300
100021110,ZOPICLONA 7.5 MG 30 TABLETAS RC,0,LABORATORIOS BUSSIE S.A.,3,0,1,2,0,7,2025-03-05 00:00:00.000,0.33,0,1,15760.0,32000
100021757,MARIMER SOL.ISOTONICA BABY SPRAY 100 ML,0,AXON PHARMA SAS,1,0,0,2,0,0,2025-03-05 00:00:00.000,1.0,0,0,59367.0,84700
100022265,NORAVER GRIPA BEBIDA NOCHE 15 GR 24 SBS,0,TECNOQUIMICAS S.A.,24,0,1,1,0,40,2025-03-05 00:00:00.000,0.29,0,7,64724.0,69500
100023084,WINADEINE F 325/30 MG 10 TABLETAS,0,EUROFARMA COLOMBIA S.A.S,1,0,0,1,0,0,2025-03-05 00:00:00.000,1.0,0,0,52036.0,60100
100023229,PEDIALYTE CON ZINC 30 COCO 500 ML,0,ABBOTT LABORATORIES S.A,1,0,0,3,0,0,2025-03-05 00:00:00.000,3.0,0,0,8869.5,9700
100024532,CARVEDILOL 6.25 MG 30 TBS MK(P)8918,1,TECNOQUIMICAS S.A.,1,0,0,0,0,0,2025-03-05 00:00:00.000,1.0,0,0,8596.0,9600
100026041,NOXPIRIN PLUS 120 CAPSULAS,0,LAB.SIEGFRIED S.A,120,30,4,1,31,124,2025-03-05 00:00:00.000,0.07,2,8,117129.0,140000
100026042,REDOXON TOTAL EFER.20 TBS ECONOPACK,0,BAYER S.A.,1,0,0,1,0,0,2025-03-05 00:00:00.000,1.0,0,0,23544.0,35900
100026682,IBUFLASH MIGRAN 30 CAPSULAS,0,TECNOQUIMICAS S.A.,15,0,1,2,0,30,2025-03-05 00:00:00.000,0.33,0,5,59938.0,64000
100026793,ACID MANTLE BABY CREMA 30 GR,1,BAYER S.A.,1,0,0,0,0,0,2025-03-05 00:00:00.000,1.0,0,0,13850.0,22100
100027431,LEVOTIROXINA 100 MCG 30 TABS MK,0,TECNOQUIMICAS S.A.,1,0,0,1,0,0,2025-03-05 00:00:00.000,1.0,0,0,20324.0,23600
200001991,CYCLOFEM 1 AMPOLLA,0,ASOCIACION PROFAMILIA,1,0,0,15,0,0,2025-03-05 00:00:00.000,4.0,0,0,20027.33,21100
200012098,JERINGA 3P 5 ML 21X1.1/2 100 UND ETERNA,0,ETERNA S.A.,100,0,1,2,0,292,2025-03-05 00:00:00.000,0.01,0,1,16624.0,48000
200012690,JERINGA 3P 10ML 21X1.1/2 PRECISION ETERN,0,ETERNA S.A.,1,0,0,21,0,0,2025-03-05 00:00:00.000,5.0,0,0,233.75,700
200019374,GUANTE CIRUGIA ALFA 6 1/2 12 UND,0,ALFA TRADING SAS,12,0,1,3,0,38,2025-03-05 00:00:00.000,1.83,0,22,8104.0,16000
200023558,PROT.LABIAL NIVEA FRUITY SH CER 4.8 GR,0,BEIERSDORF S.A.,1,0,0,2,0,0,2025-03-05 00:00:00.000,1.0,0,0,13237.0,19500
200025287,PAN.TENA SLIP ULTRA TALLA L 1 UNIDAD,0,PRODUCTOS FAMILIA S.A.,1,0,0,5,0,0,2025-03-05 00:00:00.000,3.0,0,0,3856.0,6000
200032362,EQUIPO MACROGOTEO SIN AGUJA ALFA,0,ALFA TRADING SAS,1,0,0,4,0,0,2025-03-05 00:00:00.000,1.0,0,0,1400.0,2700
200033143,VASELINA DROGAM 500 GR,0,PRODUCTOS DROGAM S.A.S,1,0,0,1,0,0,2025-03-05 00:00:00.000,1.0,0,0,15408.0,23400
200034963,ALGODON ZIG ZAG JGB 25 GR 7 UND,0,JGB S.A.,7,0,1,1,0,11,2025-03-05 00:00:00.000,0.29,0,2,13911.5,17200
200035101,IGORA VITAL D.TUBO 8-00 RUBIO CLARO,0,HENKEL COLOMBIANA S.A.,1,0,0,1,0,0,2025-03-05 00:00:00.000,1.0,0,0,18153.0,39100
200038441,TOA.NOSOTRAS NATURAL INV.CLAS.TELA 30UND,0,PRODUCTOS FAMILIA S.A.,1,0,0,1,0,0,2025-03-05 00:00:00.000,2.0,0,0,10950.0,13700
200038523,TOA.KOTEX DISCRETA TELA 10 UND,0,COLOMBIANA KIMBERLY COLPA,1,0,0,1,0,0,2025-03-05 00:00:00.000,1.0,0,0,3393.0,4300
200038570,PROT.NOSOTRAS DIARI.LARGOS C.ALAS 20 UND,0,PRODUCTOS FAMILIA S.A.,1,0,0,2,0,0,2025-03-05 00:00:00.000,1.0,0,0,4831.5,6300
200042031,MEN SPEED STICK GEL XTRE NIGH PRAC.70 GR,0,COLGATE PALMOLIVE COMPANI,1,0,0,4,0,0,2025-03-05 00:00:00.000,1.0,0,0,6785.0,10400
200045822,CURITAS TRANSPIEL 10 UND,0,BEIERSDORF S.A.,1,0,0,3,0,0,2025-03-05 00:00:00.000,1.0,0,0,1913.5,2600
100011052,CATALAC 150 MG/5ML JBE 90 ML ICOM,0,ICOM,1,0,0,2,0,0,2025-03-05 00:00:00.000,1.0,0,0,4838.0,12100
100017076,HIDRASOL 45 CEREZA 500 ML ICOM,0,ICOM,1,0,0,2,0,0,2025-03-05 00:00:00.000,1.0,0,0,5069.0,9000
100019393,ACETAMINOFEN 500 MG 100 TBS ICOM,0,ICOM,10,0,1,2,0,24,2025-03-05 00:00:00.000,1.0,0,10,6870.0,20400
100020532,ENEMAG SOL.ORAL LIMON 133 ML ICOM,0,ICOM,1,0,0,5,0,0,2025-03-05 00:00:00.000,1.0,0,0,10263.0,20100
100022557,DOLIVIUM FOR.400/60MG 48CAP.BLA ICOM,0,ICOM,48,16,3,1,26,78,2025-03-05 00:00:00.000,0.44,7,21,54101.0,96000
100026139,GASLID CALENDULA SUSP.ORAL 360 ML ICOM,0,ICOM,1,0,0,2,0,0,2025-03-05 00:00:00.000,2.0,0,0,22253.0,41600
100027120,TUTOS HEDERA HELIX 120 ML ICOM,0,ICOM,1,0,0,4,0,0,2025-03-05 00:00:00.000,1.0,0,0,9153.0,25400
200034282,DEXEX RETARDANTE 3 UND ICOM,0,ICOM,1,0,0,3,0,0,2025-03-05 00:00:00.000,3.0,0,0,1782.33,7900
200038772,CARAMELOS MASTICABLE NAT.EVOL.12SBS ICOM,0,ICOM,12,0,1,0,0,9,2025-03-05 00:00:00.000,0.25,0,3,12701.0,26300
D02,DIFLENAC DICLOFENACO 6 AMP 3ML BIOQUIFAR,0,COMIS-GCNG,6,0,1,1,0,9,2025-02-19 10:59:15.517,0.67,0,4,12500.0,83400
200014444,BURBUJAS DE CHOCOLATE BOLSA 12 UND,0,COMERCIAL NUTRESA S.A.S,12,0,1,1,0,17,2025-03-08 00:00:00.000,0.08,0,1,10265.0,15300
100024314,ADVIL MAX 72 CAPSULAS,0,HALEON COLOMBIA S.A.S.,72,18,4,1,20,80,2025-03-08 00:00:00.000,0.17,3,12,143983.0,150000
200021276,FRASCO ORINA 50 UND INVERFARMA,0,INVERFARMA SAS,50,0,1,1,0,68,2025-03-08 00:00:00.000,0.1,0,5,11730.0,25400
100024723,BENIDETIL 1.5MG MENT 120 ML SPR ICOM,0,ICOM,1,0,0,1,0,0,2025-03-08 00:00:00.000,3.0,0,0,8855.0,29400
100011419,BIFLACE 50 MG 2 TBS ICOM,0,ICOM,2,0,1,2,0,4,2025-03-08 00:00:00.000,2.0,0,4,4318.5,22800
200027050,CRE.ADHE.PROTESI WHO. MENTA 40 GR ICOM,0,ICOM,1,0,0,3,0,0,2025-03-08 00:00:00.000,2.0,0,0,11156.0,27800
100026512,GASLID PLUS SUSPENSION FCO 360 ML ICOM,0,ICOM,1,0,0,2,0,0,2025-03-08 00:00:00.000,1.0,0,0,20282.0,39500
100026148,HIDRASOL 60 CON ZINC COCO 500ML ICOM,0,ICOM,1,0,0,3,0,0,2025-03-08 00:00:00.000,1.0,0,0,6289.0,9000
200039287,ROXIDIL VIT.C MAS.500MG+ZINC MAN.100 TBS,0,ICOM,10,0,1,1,0,17,2025-03-08 00:00:00.000,0.1,0,1,26151.0,58600
100025755,SILDENAFIL 50 MG 2 TABLETAS (NTI),0,ICOM,2,0,1,2,0,4,2025-03-08 00:00:00.000,4.0,0,8,2222.5,7800
100027279,VITAMINA E 400 UI+A 3500 UI 150 CAP.ICOM,0,ICOM,10,0,1,1,0,18,2025-03-08 00:00:00.000,0.1,0,1,41390.0,164200
100027280,LEVOTIROXINA 75 MCG 30 TBS MK,0,TECNOQUIMICAS S.A.,1,0,0,2,0,0,2025-03-08 00:00:00.000,1.0,0,0,19606.0,22000
100001912,DOLEX 500 MG 200 TABLETAS (A),0,HALEON COLOMBIA S.A.S.,20,0,1,2,0,47,2025-03-08 00:00:00.000,0.25,0,5,148186.0,166400
100001916,DOLEX GRIPA 100 TABLETAS,0,HALEON COLOMBIA S.A.S.,25,0,1,1,0,35,2025-03-08 00:00:00.000,0.24,0,6,117892.0,129300
100001919,DOLEX JARABE NINOS 90 ML,0,HALEON COLOMBIA S.A.S.,1,0,0,4,0,0,2025-03-08 00:00:00.000,1.0,0,0,15856.0,17500
100025818,PEDIALYTE MAX CON ZINC 60 FRESA 500 ML,0,ABBOTT LABORATORIES S.A,1,0,0,7,0,0,2025-03-08 00:00:00.000,4.0,0,0,8869.5,9700
100005437,MICROGYNON SUAVE 21 GRAGEAS(P)6104(SC),0,ADIUM S.A.S.,1,0,0,2,0,0,2025-03-08 00:00:00.000,3.0,0,0,6090.0,7100
100005464,YASMIN 21 COMPR.(P)26910(SC)(SF)(PDB),0,BAYER S.A.,1,0,0,3,0,0,2025-03-08 00:00:00.000,1.0,0,0,21527.0,28800
200006123,DUCHA INTIMA ETERNA,0,ETERNA S.A.,1,0,0,2,0,0,2025-03-08 00:00:00.000,1.0,0,0,5117.0,8100
100022710,ACTIVA 21 21 GRAGEAS(P)6104,0,FAES FARMA COLOMBIA SAS,1,0,0,3,0,0,2025-03-08 00:00:00.000,1.0,0,0,5911.0,7400
100006091,ADVIL CHILDREN SUSPENSION 60 ML,0,HALEON COLOMBIA S.A.S.,1,0,0,6,0,0,2025-03-08 00:00:00.000,1.0,0,0,21944.0,23400
100019193,ADVIL GRIPA 72 CAPSULAS(A),0,HALEON COLOMBIA S.A.S.,72,18,4,0,16,64,2025-03-08 00:00:00.000,0.22,4,16,143531.0,150500
100001910,DOLEX 500 MG 100 TABLETAS,0,HALEON COLOMBIA S.A.S.,10,0,1,1,0,14,2025-03-08 00:00:00.000,0.3,0,3,74189.0,80900
100025351,DOLEX BEBES 60 ML JARABE,0,HALEON COLOMBIA S.A.S.,1,0,0,5,0,0,2025-03-08 00:00:00.000,1.0,0,0,13857.0,15200
100027874,DOLEX FORTE 500 MG 10 TABLETAS,1,HALEON COLOMBIA S.A.S.,1,0,0,0,0,0,2025-03-08 00:00:00.000,3.0,0,0,17382.0,18800
200041589,DTE BALANCE MINI CLINICAL CARE WOM 30 GR,0,HENKEL COLOMBIANA S.A.,1,0,0,1,0,0,2025-03-08 00:00:00.000,1.0,0,0,2799.5,4700
100021102,DIHIDROCODEINA JARABE 120 ML HP,0,HUMAX PHARMACEUTICAL,1,0,0,4,0,0,2025-03-08 00:00:00.000,1.0,0,0,13791.0,15600
100021491,MIELTERTOS GRIPA NOCHE PANE.LIMON 24 SBS,0,LAB. NATURAL FRESHLY INFA,24,0,1,1,0,24,2025-03-08 00:00:00.000,0.08,0,2,40407.0,45800
100014510,NAZIL OFTENO 15 ML,0,LAB.SOPHIA DE COLOMBIA LT,1,0,0,3,0,0,2025-03-08 00:00:00.000,1.0,0,0,16786.0,20400
100015373,BELLAFACE 21 TBS (P)15279(SC)(SF),0,LABORATORIO FRANCO COLOMB,1,0,0,5,0,0,2025-03-08 00:00:00.000,1.0,0,0,11373.0,15500
100023884,SULFATO FERROSO 300 MG 100 TABLETAS EC,0,LABORATORIOS ECAR S.A.,1,0,0,1,0,0,2025-03-08 00:00:00.000,1.0,0,0,11784.0,23100
100023960,ELECTROLIT HIDRATANTE FRESA 625 ML,0,PISA FARMACEUTICAL DE COL,1,0,0,8,0,0,2025-03-08 00:00:00.000,3.0,0,0,6882.5,8300
200001727,VICK VAPORUB 50 GR(PDB),0,PROCTER  GAMBLE COLOMBIA,1,0,0,2,0,0,2025-03-08 00:00:00.000,2.0,0,0,18606.0,23700
200027852,PAN.DESMAQ.FAMILIA POMYS RUEDITAS 60 UND,0,PRODUCTOS FAMILIA S.A.,1,0,0,3,0,0,2025-03-08 00:00:00.000,1.0,0,0,5982.0,8900
200036660,PAN.TENA PANTS CLASICO MEDIUM 1 UNIDAD,0,PRODUCTOS FAMILIA S.A.,1,0,0,8,0,0,2025-03-08 00:00:00.000,3.0,0,0,2792.0,4800
200033185,PAN.TENA SLIP CLASICO MED 1 UND,0,PRODUCTOS FAMILIA S.A.,1,0,0,2,0,0,2025-03-08 00:00:00.000,2.0,0,0,2388.0,4300
200038462,TOA.NOSOTRAS EXT.PROT.DIA Y NOCHE 6 UND,0,PRODUCTOS FAMILIA S.A.,1,0,0,2,0,0,2025-03-08 00:00:00.000,1.0,0,0,3054.0,4800
100005143,ANESTECIN CREMA 5 GR,0,ROPSOHN THERAPEUTICS,1,0,0,1,0,0,2025-03-08 00:00:00.000,1.0,0,0,35468.0,38600
100005901,LECHE DE MAGNESIA 120 ML MK,0,TECNOQUIMICAS S.A.,1,0,0,3,0,0,2025-03-08 00:00:00.000,2.0,0,0,7641.5,8800
100027283,SAL DE FRUTAS LUA PLUS 22 SBS,0,TECNOQUIMICAS S.A.,22,0,1,0,0,17,2025-03-08 00:00:00.000,0.23,0,5,62516.0,67600
100013600,FLUTOX JARABE 120 ML,0,ZAMBON COLOMBIA S.A.,1,0,0,2,0,0,2025-03-08 00:00:00.000,1.0,0,0,32238.0,34100
100005415,DIANE 35 21 GRAGEAS (P)9907(SC)(SF)(PDB),1,BAYER S.A.,1,0,0,0,0,0,2025-03-12 00:00:00.000,1.0,0,0,8915.5,11400
200011516,PARCHE TERMICO LEON,0,BEIERSDORF S.A.,1,0,0,2,0,0,2025-03-12 00:00:00.000,3.0,0,0,16170.0,20700
200032502,TOA.HUGGIES HUM.ACT.F.DISNEY 96 UND SU.P,0,COLOMBIANA KIMBERLY COLPA,1,0,0,2,0,0,2025-03-12 00:00:00.000,2.0,0,0,6618.0,14900
100013085,CLORURO DE SODIO 100 ML CORPAUL,0,CORPORACION DE FOMENTO AS,1,0,0,2,0,0,2025-03-12 00:00:00.000,1.0,0,0,3165.0,4000
100025202,LEGRIP NOCHE 500 MG. 24 SBS ICOM,0,ICOM,24,0,1,0,0,23,2025-03-12 00:00:00.000,0.79,0,19,39930.0,55900
100026029,NAFOLINA SOLUCION OFTALMICA 7.5 ML ICOM,0,ICOM,1,0,0,2,0,0,2025-03-12 00:00:00.000,2.0,0,0,5597.0,13500
100024391,SEVEDOL EXTRA FUERTE 8 TABLETAS,0,LABORATORIO FRANCO COLOMB,1,0,0,1,0,0,2025-03-12 00:00:00.000,3.0,0,0,12180.0,14800
100014833,TRAZODONA 50 MG 50 TABLETAS RC,0,LABORATORIOS BUSSIE S.A.,50,5,10,1,8,80,2025-03-12 00:00:00.000,0.2,1,10,9797.0,18400
200043642,ACOND.ELVIVE HIDRA HIALURON.PURE 370 ML,0,LOREAL COLOMBIA S.A.,1,0,0,2,0,0,2025-03-12 00:00:00.000,2.0,0,0,12446.0,17400
100018857,LOMOTIL 2.5 MG 12 CAJAS X 4 TABLETAS,0,GRUNENTHAL COLOMBIANA S.A,48,12,4,1,13,52,2025-03-12 00:00:00.000,0.08,1,4,99459.0,101500
100019563,NEUROBION DC 3 AMPOLLAS (3%+),0,PROCTER  GAMBLE COLOMBIA,3,0,1,2,0,8,2025-03-12 00:00:00.000,1.0,0,3,119255.0,122400
100020581,NORAVER GRIPA FAST TOTAL 60 CAPSULAS(A),0,TECNOQUIMICAS S.A.,60,30,2,1,53,106,2025-03-12 00:00:00.000,0.27,8,16,148759.0,158200
100018422,OXIMETAZOLINA NASAL 0.05% SOL.15 ML MK,0,TECNOQUIMICAS S.A.,1,0,0,2,0,0,2025-03-12 00:00:00.000,1.0,0,0,13542.0,16500
6921875051376,LINCODELT LINCOMICINA 600MG X10 AMP,0,COMIS-GCNG,10,0,1,0,0,9,2025-02-19 10:59:15.517,0.1,0,1,18000.0,90000
100026727,CLEXANE 40M/0.4ML 10J/P(P)130648(SC)(SF),0,SANOFI AVENTIS DE COLOMBI,10,0,1,1,0,10,2025-03-15 00:00:00.000,0.1,0,1,130647.0,155100
200039490,CERA ORTOD.WHOLEFRESH 5 BARR.10UND ICOM,0,ICOM,10,0,1,3,0,37,2025-03-19 00:00:00.000,0.2,0,2,12509.33,45000
100022518,LEGRIP PLUS 100 CAP.BLAN ICOM,0,ICOM,100,10,10,3,38,380,2025-03-19 00:00:00.000,0.2,2,20,82690.0,206800
100019413,SUERO FISIOLOG.NASAL SPR 30ML ICOM,0,ICOM,1,0,0,2,0,0,2025-03-19 00:00:00.000,2.0,0,0,12831.5,28400
100014005,SOLHIDREX SABOR FRESA 30 SBS,0,LAB. INTERNACIONAL DE COL,30,0,1,1,0,31,2025-03-19 00:00:00.000,0.07,0,2,50764.0,60700
100014368,CLORFENIRAMINA 4 MG 20 TABLETAS EC,0,LABORATORIOS ECAR S.A.,1,0,0,3,0,0,2025-03-19 00:00:00.000,2.0,0,0,3558.0,4300
200043120,TAPON DE OIDOS ESP.ULTRASUAVE 3 PARES,0,MEDICAL URB S.A.S,1,0,0,2,0,0,2025-03-19 00:00:00.000,1.0,0,0,14403.5,22300
200001726,VICK VAPORUB 12 GR 12 UND,0,PROCTER  GAMBLE COLOMBIA,12,0,1,2,0,29,2025-03-19 00:00:00.000,0.25,0,3,61580.0,77000
100016256,ENEMATROL SALINO 1000 ML,0,QUIBI S.A. EN REESTRUCTUR,1,0,0,1,0,0,2025-03-19 00:00:00.000,1.0,0,0,30533.0,34500
100005829,DICLOFENACO 50 MG 20 TABLETAS MK,0,TECNOQUIMICAS S.A.,2,0,1,3,0,6,2025-03-19 00:00:00.000,1.0,0,2,3885.0,5600
100025937,DURAFLEX ADVANCE 18 CAPSULAS MK,0,TECNOQUIMICAS S.A.,9,0,1,2,0,21,2025-03-19 00:00:00.000,1.44,0,13,46852.0,49500
100007913,MICROGYNON 21 TABLETAS (P)6104(SC),0,ADIUM S.A.S.,1,0,0,6,0,0,2025-03-25 00:00:00.000,1.0,0,0,6090.0,7000
100006181,EFEXOR XR 37.5 MG 7 CAP.(P)3315(SC)(SF),0,ASPEN COLOMBIANA SAS,1,0,0,2,0,0,2025-03-25 00:00:00.000,3.0,0,0,3101.0,4200
100000465,ALKA SELTZER 60 TABLETAS,0,BAYER S.A.,60,30,2,1,37,74,2025-03-25 00:00:00.000,0.33,10,20,64178.0,74100
100019533,BILAXTEN 20 MG 20 COMP.(P)19460,0,FAES FARMA COLOMBIA SAS,1,0,0,2,0,0,2025-03-25 00:00:00.000,1.0,0,0,17422.5,22000
100004768,VALERIANA GOTAS 60 ML,0,FUNDACION LABORATORIO DE,1,0,0,5,0,0,2025-03-25 00:00:00.000,1.0,0,0,14337.83,15200
200039491,FRASCO RECOL.MUESTRA COPROLOG 50UND ICOM,0,ICOM,50,0,1,0,0,47,2025-03-25 00:00:00.000,0.04,0,2,7817.0,25800
100012220,PRUEBA DE EMBARAZO CASSETTE ICOM,0,ICOM,1,0,0,8,0,0,2025-03-25 00:00:00.000,2.0,0,0,2038.6,9800
100014449,YODOPOVIL ESPUMA 60 ML ICOM,0,ICOM,1,0,0,7,0,0,2025-03-25 00:00:00.000,1.0,0,0,6471.0,16200
200008300,ACEITE JJ BABY ORIGINAL 50 ML,0,JOHNSON  JOHNSON DE COLO,1,0,0,2,0,0,2025-03-25 00:00:00.000,1.0,0,0,5087.0,7600
200041012,LUBRIDERM REPARACION INTENSIVA 120 ML,0,JOHNSON  JOHNSON DE COLO,1,0,0,1,0,0,2025-03-25 00:00:00.000,1.0,0,0,12269.0,18900
100001855,OTOGLICAR GLICERINA CARBONATADA 30 ML,0,LAB. GERCO S.A.,1,0,0,1,0,0,2025-03-25 00:00:00.000,1.0,0,0,6063.0,7100
100011125,LAXIUM 5 MG 10 TABLETAS,0,LAB. INTERNACIONAL DE COL,10,0,1,1,0,10,2025-03-25 00:00:00.000,1.0,0,10,3170.0,6200
100016165,NOXPIRIN PLUS 12 CAPSULAS,0,LAB.SIEGFRIED S.A,1,0,0,1,0,0,2025-03-25 00:00:00.000,2.0,0,0,15201.0,15800
100015322,TRIMEBUTINA 200 MG 20 TABLETAS EX,0,LABORATORIOS RICHMOND,1,0,0,2,0,0,2025-03-25 00:00:00.000,1.0,0,0,14193.0,17200
200026686,CHICLE TRIDENT 3S MORA TER DISP.24 UND,0,MONDELEZ COLOMBIA S.A.S,24,0,1,1,0,26,2025-03-25 00:00:00.000,0.25,0,6,12809.0,19100
200033272,PIEDRA ALUMBRE 25 GR DROGAM,0,PRODUCTOS DROGAM S.A.S,1,0,0,5,0,0,2025-03-25 00:00:00.000,1.0,0,0,1054.0,1800
200045049,PANITOS HUM. PEQUENIN MANZANILLA 80 UND,0,PRODUCTOS FAMILIA S.A.,1,0,0,1,0,0,2025-03-25 00:00:00.000,2.0,0,0,3542.0,5500
200034984,CERA P.PEINAR EGO LOOK DEFINIDO 160 ML,0,UNILEVER ANDINA COLOMBIA,1,0,0,2,0,0,2025-03-25 00:00:00.000,1.0,0,0,7905.0,12400
200035833,JABON DOVE BABY LIQUIDO HUMEC.ENRI.400ML,0,UNILEVER ANDINA COLOMBIA,1,0,0,2,0,0,2025-03-25 00:00:00.000,1.0,0,0,15640.0,27400
100002109,BEDOYECTA 3 AMPOLLAS (A)(3%+),0,HUMAX PHARMACEUTICAL,3,0,1,3,0,10,2025-03-18 12:30:07.057,1.0,0,3,36500.0,63500
100017632,PEDIALYTE CON ZINC 60 UVA 500 ML,0,ABBOTT LABORATORIES S.A,1,0,0,10,0,0,2025-03-27 00:00:00.000,8.0,0,0,8869.5,9700
100016320,ASPIRINA 100 MG 140 TBS,0,BAYER S.A.,5,0,1,2,0,12,2025-03-27 00:00:00.000,0.4,0,2,77330.0,90600
200038011,CHA.MEDICASP 100 ML(SF),0,GENOMMA LAB.COLOMBIA,1,0,0,2,0,0,2025-03-27 00:00:00.000,1.0,0,0,23295.0,34600
100025037,X RAY DOL 12 TABLETAS(SF),0,GENOMMA LAB.COLOMBIA,1,0,0,2,0,0,2025-03-27 00:00:00.000,2.0,0,0,22083.0,23600
200041680,DTE BALANCE MINI CLINICAL PROTE.MEN 30GR,0,HENKEL COLOMBIANA S.A.,1,0,0,3,0,0,2025-03-27 00:00:00.000,1.0,0,0,3110.0,4800
200040064,AGUA BRISA SIN GAS 1000 ML 6 UND ICOM,0,ICOM,6,0,1,1,0,7,2025-03-27 00:00:00.000,1.67,0,10,9294.0,15500
100024824,ALCOHOL ANTISEP. ALCOPY 700 ML UND,0,ICOM,1,0,0,2,0,0,2025-03-27 00:00:00.000,1.0,0,0,6473.0,8700
100023699,HIDRASOL 60 CON ZINC CEREZA 500ML ICOM,0,ICOM,1,0,0,3,0,0,2025-03-27 00:00:00.000,1.0,0,0,6289.0,9000
100021470,METROPRASIL 10 MG 30 TBS ICOM,0,ICOM,30,3,10,2,8,80,2025-03-27 00:00:00.000,0.33,1,10,3109.0,40000
200027646,WHOLEFRESH KIT ORTODONCIA ICOM,0,ICOM,1,0,0,1,0,0,2025-03-27 00:00:00.000,1.0,0,0,9278.0,20400
200038124,JABON ALMIPRO DERMOLIMPIADOR 100 GR,0,LABORATORIO SAN JORGE S.A,1,0,0,2,0,0,2025-03-27 00:00:00.000,1.0,0,0,4205.0,6800
100023966,ELECTROLIT HIDRATANTE FRESA KIWI 625 ML,0,PISA FARMACEUTICAL DE COL,1,0,0,2,0,0,2025-03-27 00:00:00.000,8.0,0,0,7518.0,8300
100025381,ELECTROLIT HIDRATANTE MARACUYA 625 ML.,0,PISA FARMACEUTICAL DE COL,1,0,0,18,0,0,2025-03-27 00:00:00.000,10.0,0,0,7518.0,8300
100026941,ELECTROLIT HIDRATANTE MORA AZUL 625 ML,0,PISA FARMACEUTICAL DE COL,1,0,0,7,0,0,2025-03-27 00:00:00.000,4.0,0,0,7518.0,8300
100014213,LEVOTIROXINA 50 MCG 30 TABLETAS PC,0,PROCAPS S.A.,1,0,0,2,0,0,2025-03-27 00:00:00.000,1.0,0,0,10382.0,14500
200028083,PRESERVAT.DUREX MAXIMO PLACER 3 UND,0,RB HEALTH COLOMBIA,1,0,0,3,0,0,2025-03-27 00:00:00.000,1.0,0,0,15304.0,19200
100026126,STREPSILS INTENSIVE 8.75 MG X 64 TBS,0,RB HEALTH COLOMBIA,16,0,1,1,0,30,2025-03-27 00:00:00.000,0.31,0,5,108241.0,117500
100018084,NITROFURANTOINA 100 MG 40 CAPSULAS MK,0,TECNOQUIMICAS S.A.,40,4,10,1,7,70,2025-03-27 00:00:00.000,0.5,2,20,28088.0,35700
200034983,CERA P.PEINAR EGO LOOK DEFINIDO 60 ML,0,UNILEVER ANDINA COLOMBIA,1,0,0,2,0,0,2025-03-27 00:00:00.000,1.0,0,0,3118.5,4700
100006233,MONURIL SOBRE ADULTOS 3 GR(P)18742(SC),0,ZAMBON COLOMBIA S.A.,1,0,0,5,0,0,2025-03-27 00:00:00.000,1.0,0,0,18290.0,20400
100014452,AGUA OXIGENADA 120 ML ICOM,0,ICOM,1,0,0,5,0,0,2025-03-29 00:00:00.000,3.0,0,0,2148.75,5400
100020305,AZITROMICINA 500 MG 3 TBS ICOM MQ,0,ICOM,1,0,0,9,0,0,2025-03-29 00:00:00.000,2.0,0,0,5227.0,13100
100025208,CATALAC 250MG/5ML SUSP. NINO 120 ML ICOM,0,ICOM,1,0,0,2,0,0,2025-03-29 00:00:00.000,2.0,0,0,5497.0,20400
100011424,CATALAC 500 MG 100 TBS ICOM,0,ICOM,100,10,10,4,40,400,2025-03-29 00:00:00.000,2.2,22,220,12699.67,47100
100025206,FUCILIX 2% CREMA 15 GR ICOM,0,ICOM,1,0,0,3,0,0,2025-03-29 00:00:00.000,1.0,0,0,7573.0,36100
200027984,GASA FAST CARE EST.NOTEJ. 3X3 12SBS ICOM,0,ICOM,1,0,0,8,0,0,2025-03-29 00:00:00.000,1.0,0,0,3875.83,9900
100025980,LEVONOR 0.75 MG 2 TABLETAS (P)17415 ICOM,0,ICOM,1,0,0,13,0,0,2025-03-29 00:00:00.000,5.0,0,0,3688.2,16800
200039330,SOLUCION MULTIPROP.FAST CARE 120 ML ICOM,0,ICOM,1,0,0,2,0,0,2025-03-29 00:00:00.000,1.0,0,0,11808.5,35200
100025204,SUERO FISIOLOGICO 500ML BOLSA ICOM,0,ICOM,1,0,0,9,0,0,2025-03-29 00:00:00.000,3.0,0,0,3332.17,8400
100022340,TUTOS PROPOLEO HEDERA HELIX 120 ML ICOM,0,ICOM,1,0,0,3,0,0,2025-03-29 00:00:00.000,1.0,0,0,9516.0,23800
100014451,YODOPOVIL SOLUCION 60 ML ICOM,0,ICOM,1,0,0,18,0,0,2025-03-29 00:00:00.000,2.0,0,0,6471.0,16200
200037866,MICROPORE PIEL 48X5 DISP. PAG 4 LL 5 MTS,0,3M COLOMBIA S.A.,1,0,0,1,0,0,2025-03-29 00:00:00.000,1.0,0,0,20776.0,25900
200016601,CRE.DEN.COLGATE TOTAL C.MINT 50 CC,0,COLGATE PALMOLIVE COMPANI,1,0,0,2,0,0,2025-03-29 00:00:00.000,3.0,0,0,4179.0,8900
200022692,ENJ.COLGATE PERIOGARD SIN ALCOHOL 250 ML,0,COLGATE PALMOLIVE COMPANI,1,0,0,2,0,0,2025-03-29 00:00:00.000,1.0,0,0,16692.0,36000
100026394,LEVOTIROXINA 50 MCG 50 TBS,0,LAB.SIEGFRIED S.A,1,0,0,3,0,0,2025-03-29 00:00:00.000,4.0,0,0,13689.0,19600
100027481,MULTIVITAM VITAFER-L 500 ML (SAV),0,LABORATORIO NATURAL DIOR,1,0,0,2,0,0,2025-03-29 00:00:00.000,2.0,0,0,16484.33,29300
100027738,VITAFER-L 20 MILILITROS 24 UND,0,LABORATORIO NATURAL DIOR,24,0,1,1,0,35,2025-03-29 00:00:00.000,0.13,0,3,54096.0,77600
100017656,DTE.ANTITRANSPIRANTE PILI SPRAY 125 ML,0,LABORATORIO SAN JORGE S.A,1,0,0,4,0,0,2025-03-29 00:00:00.000,2.0,0,0,11290.25,18500
100004494,TEGRETOL RET.400 MG 20TB(P)15920(SC)(SF),0,NOVARTIS DE COLOMBIA S.A.,1,0,0,2,0,0,2025-03-29 00:00:00.000,1.0,0,0,14840.0,16900
100004708,DEPO PROVERA 150 MG 3 ML AMPOLLA,0,PFIZER S.A.S,1,0,0,4,0,0,2025-03-29 00:00:00.000,1.0,0,0,26925.67,27800
100023963,ELECTROLIT HIDRATANTE NARAN.MANDA 625 ML,0,PISA FARMACEUTICAL DE COL,1,0,0,6,0,0,2025-03-29 00:00:00.000,2.0,0,0,7518.17,8300
200033275,MIEL DE ROSAS GOTERO 30 ML DROGAM,0,PRODUCTOS DROGAM S.A.S,1,0,0,6,0,0,2025-03-29 00:00:00.000,2.0,0,0,1785.83,3000
200002034,BICARBONATO DE SODA 500 GR PROMEGAN,0,PROMEGAN LTDA,1,0,0,2,0,0,2025-03-29 00:00:00.000,2.0,0,0,3197.0,4800
100020742,GAVISCON DOBLE ACCION SUSP.10 ML X 12UND,0,RB HEALTH COLOMBIA,12,0,1,8,0,101,2025-03-29 00:00:00.000,0.5,0,6,30224.75,36200
200004103,PROT.LABIAL CHAPSTICK MED.,0,HALEON COLOMBIA S.A.S.,1,0,0,2,0,0,2025-03-29 00:00:00.000,2.0,0,0,13751.67,20600
100022393,IBUFLASH MIGRAN 8  CAPSULAS,0,TECNOQUIMICAS S.A.,1,0,0,2,0,0,2025-03-29 00:00:00.000,2.0,0,0,15982.0,19700
100025704,DIPIRONA 1G/2ML 1 AMPOLLA VT,0,VITALIS S.A C.I.,1,0,0,3,0,0,2025-03-29 00:00:00.000,2.0,0,0,2956.67,3000
100021562,TESTOVIRON DEPOT 250 MG 1 AMP 1ML,0,BAYER S.A.,1,0,0,3,0,0,2025-04-02 00:00:00.000,1.0,0,0,33919.0,41800
200035322,CRE.DEN.COLGATE LUMINOUS WHITE 50 GR,0,COLGATE PALMOLIVE COMPANI,1,0,0,2,0,0,2025-04-02 00:00:00.000,1.0,0,0,5344.0,11400
100016796,SULZINC 120 ML,0,HUMAX PHARMACEUTICAL,1,0,0,1,0,0,2025-04-02 00:00:00.000,1.0,0,0,12866.0,25000
200040063,AGUA BRISA SIN GAS 280 ML 24 UND ICOM,0,ICOM,24,0,1,0,0,13,2025-04-02 00:00:00.000,0.5,0,12,15841.0,28900
200034150,AGUA BRISA SIN GAS 600 ML 24 UND ICOM,0,ICOM,24,0,1,1,0,28,2025-04-02 00:00:00.000,1.13,0,27,22177.0,39600
100027462,FEXOFEM 180 MG 10 TBS ICOM,0,ICOM,1,0,0,1,0,0,2025-04-02 00:00:00.000,1.0,0,0,16554.0,41900
100022517,LEGRIP PLUS 10 CAP.BLAN ICOM,0,ICOM,10,0,1,2,0,20,2025-04-02 00:00:00.000,7.0,0,70,9225.0,23100
100021360,BELLAFACE SUAVE 28 TBS (P)15279(SC)(SF),0,LABORATORIO FRANCO COLOMB,1,0,0,7,0,0,2025-04-02 00:00:00.000,2.0,0,0,11372.5,15500
100021202,FACETIX MINI 28 TBS (P)9907(SC)(SF),0,LABORATORIO FRANCO COLOMB,1,0,0,3,0,0,2025-04-02 00:00:00.000,1.0,0,0,7321.0,10300
100005665,SMECTA 3 GR 10 SBS,0,LABORATORIO FRANCO COLOMB,10,0,1,2,0,26,2025-04-02 00:00:00.000,0.9,0,9,66821.0,85700
200034914,BANO LIQUIDO ALMIPRO SYNDET 200 ML,0,LABORATORIO SAN JORGE S.A,1,0,0,3,0,0,2025-04-02 00:00:00.000,1.0,0,0,12076.5,18400
100004545,CERAZETTE 28 COMPR.(P)12576(SC),0,ORGANON COLOMBIA S.A.S,1,0,0,6,0,0,2025-04-02 00:00:00.000,1.0,0,0,12234.17,14600
200025288,PAN.TENA SLIP ULTRA TALLA M 1 UNIDAD,0,PRODUCTOS FAMILIA S.A.,1,0,0,1,0,0,2025-04-02 00:00:00.000,2.0,0,0,3412.0,5800
200017616,PRESERVAT.DUREX CLASICO 3 UND,0,RB HEALTH COLOMBIA,1,0,0,3,0,0,2025-04-02 00:00:00.000,1.0,0,0,6643.0,10600
100020802,HIDRAPLUS 75 ZINC UVA 400 ML SUERO O,0,TECNOQUIMICAS S.A.,1,0,0,3,0,0,2025-04-02 00:00:00.000,6.0,0,0,9788.0,9300
100025229,CAFETRIN 100 TBS IC MQ,0,ICOM,10,0,1,0,0,4,,0.1,0,1,39738.0,110000
100027009,LASEA LAVANDULA ANGUSTIFOLIA 80MG 28 CAP,0,MEGALABS COLOMBIA SAS,1,0,0,1,0,0,2025-04-04 00:00:00.000,1.0,0,0,79808.0,81200
100016559,ADVIL ULTRA 72 CAPSULAS,0,HALEON COLOMBIA S.A.S.,72,18,4,1,30,120,2025-04-05 00:00:00.000,0.22,4,16,144067.0,155200
100026395,LEVOTIROXINA 100 MCG 50 TBS,0,LAB.SIEGFRIED S.A,1,0,0,1,0,0,2025-04-05 00:00:00.000,1.0,0,0,17733.0,20500
100023228,PEDIALYTE CON ZINC 30 CEREZA 500 ML,0,ABBOTT LABORATORIES S.A,1,0,0,2,0,0,2025-04-05 00:00:00.000,1.0,0,0,8869.5,9700
100005712,TAXUS 20 MG 30 COMPRIMIDOS,0,ADIUM S.A.S.,1,0,0,1,0,0,2025-04-05 00:00:00.000,1.0,0,0,47811.0,50400
200045788,DTE.BALANCE CRE.CLINICAL CARE WOMEN 70GR,0,HENKEL COLOMBIANA S.A.,1,0,0,2,0,0,2025-04-05 00:00:00.000,1.0,0,0,5867.5,8800
100024725,CODILAN 2MG /5 ML JBE 120 ML ICOM,0,ICOM,1,0,0,2,0,0,2025-04-05 00:00:00.000,1.0,0,0,5867.5,15000
200034173,MICROPORE PIEL FAST CARE 1X5 3UND ICOM,0,ICOM,3,0,1,2,0,7,2025-04-05 00:00:00.000,0.67,0,2,7573.0,19900
100024198,NAPROXENO 500 MG 10TBS ICOM MQ,0,ICOM,1,0,0,3,0,0,2025-04-05 00:00:00.000,2.0,0,0,4481.0,11600
100027463,TIDAX 500 MG 6 TBS ICOM,0,ICOM,1,0,0,5,0,0,2025-04-05 00:00:00.000,2.0,0,0,11674.0,41700
100016860,PLURIGRAM 500 MG 10 TABLETAS,0,QUIMICA PATRIC LTDA,10,0,1,3,0,30,2025-04-05 00:00:00.000,2.0,0,20,8517.0,21700
100019850,VITAMINA VITA C NARANJA MAST 100 TBS MK,0,TECNOQUIMICAS S.A.,10,0,1,1,0,10,2025-04-05 00:00:00.000,0.2,0,2,49115.0,62100
7707019384116,VERELIS 20 MG X 4 TABS,0,COMIS-GCNG,4,0,1,10,0,40,2025-04-03 17:08:00.410,1.0,0,4,7700.0,48500
MANOS LIBRES AM,MANOS LIBRES AM604,0,,1,0,0,1,0,0,,1.0,0,0,4201.5,12900
