Centro,Laboratorio,Material,Nombre,Cant,Cant.Obs,Material.1,Nombre.1,$ Venta Real,Total_Unidades,PrecioEfectivo,Descuento
6200,LAB. LEGRAND S.A.,100000112,PARACODINA GOTAS 30 ML,2,1,770004010,OBS. LEGRAND PARACODINA GOTAS 30ML,14666,3,9777.33,33.33
6200,BAYER S.A.,100000483,BAYCUTEN N CREMA 35 GR,2,1,770002145,OBSEQUIO BAYCUTEN CREMA 35 GR,49337,3,32891.33,33.33
6200,LAB.SIEGFRIED S.A,100000570,BIODERM CREMA 20 GR,2,1,770015724,OBS.LAB SIEGFRIEDS BIODERM CREMA 20 GRS,29211,3,19474.0,33.33
6200,LAB.SIEGFRIED S.A,100001187,ARTRITES 1% GEL 50 GR,2,1,770009051,OBS.SIEGFRIED ARTRITES 1% GEL 50 GR,24599,3,16399.33,33.33
6200,LAB.SIEGFRIED S.A,100001242,TREX CREMA 15 GR,2,1,770010708,OBS.SIEGFRIED TREX CREMA 15 GR,27048,3,18032.0,33.33
6200,LAB.SIEGFRIED S.A,100001360,DESONIDA 0.05% CREMA 15 GR,2,1,770009619,OBS.SIEGFRIED DESONIDA DER.0.05% 15,16609,3,11072.67,33.33
6200,LAB.SIEGFRIED S.A,100001361,DESONIDA 0.05% EMULSION 120 ML,2,1,770010201,OBS.SIEGFRIED DESONIDA 0.05% EMUL.120,54136,3,36090.67,33.33
6200,LAB.SIEGFRIED S.A,100001362,DESONIDA 0.1% CREMA 15 GR,2,1,770009618,OBS.SIEGFRIED DESONIDA DER.0.1% 15 GR,16587,3,11058.0,33.33
6200,LABORATORIOS ECAR S.A.,100001421,COMPLEJO B 250 TABLETAS EC,3,1,770006191,OBS ECAR COMPLEJO B 250TBS,29926,4,22444.5,25.0
6200,LABORATORIOS ECAR S.A.,100001422,COMPLEJO B 10 ML AMPOLLA EC,3,1,770017069,OBS.ECAR LTDA COMPLEJO B 10ML AMPOLLAS,10374,4,7780.5,25.0
6200,LABORATORIOS ECAR S.A.,100001423,COMPLEJO B JARABE 120 ML EC,2,1,770015129,OBS.ECAR COMPLEJO B JARABE 120 ML,13184,3,8789.33,33.33
6200,LABORATORIOS ECAR S.A.,100001443,TIAMINA 1 GR 10 ML AMPOLLA EC,2,1,770008355,OBS.ECAR TIAMINA 1 GR 10 ML AMPOLLAS,12255,3,8170.0,33.33
6200,FARMA DE COLOMBIA S.A.,100001471,KEFLEX 1 GR 10 TABLETAS (3%+)(A)(PAE),1,1,770016544,OBS.FARMA DE COL. KEFLEX 1 GR 10 TBS,174005,2,87002.5,50.0
6200,HALEON COLOMBIA S.A.S.,100001912,DOLEX 500 MG 200 TABLETAS (A),1,1,770014114,OBS. HALEON ADVIL CHILDREN SUSP 60ML,148186,2,74093.0,50.0
6200,HUMAX PHARMACEUTICAL,100002109,BEDOYECTA 3 AMPOLLAS (A)(3%+),1,2,770006460,OBSEQUIO HUMAX BEDOYECTA 3 AMP,107433,3,35811.0,66.67
6200,PROCAPS S.A.,100002239,EYE ZUL SOLUCION OFTALMICA FRASCO X 7 ML,1,1,770014955,OBS.PROCAPS EYE ZUL GOTAS 7 ML,0,2,0.0,50.0
6200,JGB S.A.,100002314,CITROMEL LIQUIDO 310 ML,2,1,770019047,OBS.JGB ELECTROLIT HIDRA.MARACUYA 625 ML,23864,3,15909.33,33.33
6200,LABORATORIOS LA SANTE S.A.,100002424,ACICLOVIR 200 MG 24 TABLETAS LS,2,1,770009575,OBS.LA SANTE ACICLOVIR 200 MG 24 TBS,12281,3,8187.33,33.33
6200,LABORATORIOS LA SANTE S.A.,100002436,AMOXICILINA 250 MG SUSPENSION 100 ML LS,2,1,770005996,OBSEQUIO AMOXICILINA 250 MG 100 ML LS,8615,3,5743.33,33.33
6200,LABORATORIOS LA SANTE S.A.,100002437,AMOXICILINA 250 MG SUSPENSION 45 ML LS,3,1,770005894,OBSEQUIO AMOXICILINA 250 MG 45 ML LS,5648,4,4236.0,25.0
6200,LABORATORIOS LA SANTE S.A.,100002472,CEFALEXINA 250 MG SUSPENSION 60 ML LS,2,1,770006086,OBSEQUIO CEFALEXINA 250 MG SUSP.60 ML,10492,3,6994.67,33.33
6200,LABORATORIOS LA SANTE S.A.,100002473,CEFALEXINA 500 MG 20 CAPSULAS LS,2,1,770003045,OBSEQUIO CEFALEXINA 500 MG 20 CAP.LS,18178,3,12118.67,33.33
6200,LABORATORIOS LA SANTE S.A.,100002477,CETIRIZINA 10 MG 10 TABLETAS LS,1,2,770007203,OBS.LA SANTE CETIRIZINA 10 MG 10 TBS,6007,3,2002.33,66.67
6200,LABORATORIOS LA SANTE S.A.,100002487,CLINDAMICINA 300 MG 24 CAPSULAS LS,3,1,770002301,OBSEQUIO CLINDAMICINA 300 MG 24 CAP,59588,4,44691.0,25.0
6200,LABORATORIOS LA SANTE S.A.,100002498,DICLOFENACO 50 MG 20 TABLETAS LS,2,1,770006145,OBSEQUIO DICLOFENACO 50 MG 20 TBS LS,3808,3,2538.67,33.33
6200,LABORATORIOS LA SANTE S.A.,100002551,LORATADINA JARABE 100 ML LS,3,2,770009057,OBS.LA SANTE LORATADINA JARABE 100 ML,9686,5,5811.6,40.0
6200,LABORATORIOS LA SANTE S.A.,100002556,MELOXICAM 7.5 MG 10 TABLETAS LS,1,1,770006055,OBS.MELOXICAM 7.5 MG 10 TBS LS,9101,2,4550.5,50.0
6200,LABORATORIOS LA SANTE S.A.,100002603,SECNIDAZOL 500 MG 4 TABLETAS LS,2,1,770001557,OBSEQUIO SECNIDAZOL 500 MG 4 TBS LS,7006,3,4670.67,33.33
6200,LAB. INCOBRA S.A.,100002815,APOTOX 150 MG 20 CAPSULAS,3,1,770014350,OBS.INCOBRA APOTOX 150 MG 20 CAPSULAS,33768,4,25326.0,25.0
6200,LAB. INCOBRA S.A.,100002837,ESPASMO SILIGAS GOTAS 30 ML,3,1,770014351,OBS.INCOBRA ESPASMO SILIGAS GOTAS 30,38938,4,29203.5,25.0
6200,LAB. INCOBRA S.A.,100002882,TUSSYL JARABE 120 ML FRAMBUESA,3,2,770015032,OBS.INCOBRA TUSSYL FRAMBUESA 120 ML,19909,5,11945.4,40.0
6200,LABORATORIO FRANCO COLOMBIANO LAFRA,100003827,ACETAMINOFEN 150 MG JARABE 90 ML AG,1,2,770002854,OBSEQUIO AG CETIRIZINA 10 MG 10 TBS,7431,3,2477.0,66.67
6200,LABORATORIO FRANCO COLOMBIANO LAFRA,100003873,CEFALEXINA 250 MG SUSPENSION 60 ML AG,3,2,770002960,OBSEQUIO CEFALEXINA 250 MG SUSPENSION 60,9909,5,5945.4,40.0
6200,LABORATORIO FRANCO COLOMBIANO LAFRA,100003875,CEFRADINA 500 MG 24 CAPSULAS AG,2,1,770002996,OBSEQUIO CEFRADINA 500 MG 24 CAP.AG,46017,3,30678.0,33.33
6200,LABORATORIO FRANCO COLOMBIANO LAFRA,100003880,CLOTRIMAZOL 1% CREMA TOPICA 40 GR AG,3,1,770005952,OBSEQUIO CLOTRIMAZOL 1% TOPICA 40 GR AG,10469,4,7851.75,25.0
6200,LABORATORIO FRANCO COLOMBIANO LAFRA,100003881,CLOTRIMAZOL 1% CREMA VAGINAL 40 GR AG,3,1,770005951,OBSEQUIO CLOTRIMAZOL 1% VAGINAL 40 GR AG,18995,4,14246.25,25.0
6200,LABORATORIO FRANCO COLOMBIANO LAFRA,100003932,LORATADINA 10 MG 20 TABLETAS AG,1,2,770005938,OBS. LAFRANCOL LORATADINA 10MG 20TBS AG,6573,3,2191.0,66.67
6200,LABORATORIO FRANCO COLOMBIANO LAFRA,100003938,LUMBAL 48 TABLETAS,3,1,770006410,OBS.LAFRANCOL LUMBAL 48 TBS,89899,4,67424.25,25.0
6200,LABORATORIO FRANCO COLOMBIANO LAFRA,100003943,NAPROXENO 500 MG 10 TABLETAS AG,1,1,770005931,OBS.NAPROXENO 500 MG 10 TABLETAS AG,1079,2,539.5,50.0
6200,LABORATORIO FRANCO COLOMBIANO LAFRA,100003958,SILDENAFIL 50 MG 2 TABLETAS AG,3,2,770002840,OBS.SILDENAFIL 50 MG 2TBS AG,5807,5,3484.2,40.0
6200,QUIBI S.A. EN REESTRUCTURACION,100004091,FISIOLINE SOLUCION 30 ML,3,1,770010480,OBS.QUIBI FISIOLINE SOLUCION 30 ML,8039,4,6029.25,25.0
6200,QUIBI S.A. EN REESTRUCTURACION,100004092,FISIOLINE SPRAY 120 ML,3,1,770010480,OBS.QUIBI FISIOLINE SOLUCION 30 ML,0,4,0.0,25.0
6200,LABORATORIO FRANCO COLOMBIANO LAFRA,100004662,EROXIM 50 MG 2 TABLETAS,1,1,770000204,OBS.EROXIM 50 MG 2 TABLETAS,25439,2,12719.5,50.0
6200,PROCAPS S.A.,100004776,ACEITE HIGADO BACALAO 150 PERLAS,1,1,770009079,OBS.PROCAPS ACEITE HIG.BACAL.150 PER.,85286,2,42643.0,50.0
6200,PROCAPS S.A.,100004832,DOLOFEN 500 MG 60 CAPSULAS,2,1,770002000,OBSEQUIO PROCAPS DOLOFEN 500 MG 60 CAP,45501,3,30334.0,33.33
6200,PROCAPS S.A.,100004837,DOLOFEN FORTE 60 CAPSULAS,3,1,770002003,OBSEQUIO PROCAPS DOLOFEN FORTE 60 CAP.,59852,4,44889.0,25.0
6200,LAB.SIEGFRIED S.A,100004881,METROZIN NISTATINA 500 MG 10 OVULOS,1,1,770018758,OBS.SIEGFRIED METROZIN NISTAT 500MG 10OV,45505,2,22752.5,50.0
6200,LAB.SIEGFRIED S.A,100004896,OTOSEC 0.3% GOTAS 10 ML,2,1,770018759,OBS.SIEGFRIED OTOSEC 0.3% GOTAS 10 ML,58784,3,39189.33,33.33
6200,LAB.SIEGFRIED S.A,100004897,OTOSEC HC 0.3% GOTAS 10 ML,2,1,770018760,OBS.SIEGFRIED OTOSEC HC 0.3% GOTAS 10 ML,78595,3,52396.67,33.33
6200,EUROFARMA COLOMBIA S.A.S,100005261,PAX CALIENTE NOCHE LIMON 24 SBS,2,1,770018538,OBS. EUROFARMA RUSTATINA 10 MG 30 TBS,56562,3,37708.0,33.33
6200,EUROFARMA COLOMBIA S.A.S,100005262,PAX CALIENTE NOCHE PANELA 24 SBS,2,1,770018537,OBS. EUROFARMA VAST 40 MG 30 TABLETAS,56562,3,37708.0,33.33
6200,HUMAX PHARMACEUTICAL,100006050,CALADRYL CLEAR 100 ML,1,2,770017266,OBS.HUMAX CALADRYL CLEAR 100 ML,24443,3,8147.67,66.67
6200,HUMAX PHARMACEUTICAL,100006052,CALADRYL LOCION 100 ML,1,2,770017267,OBS.HUMAX CALADRYL LOCION 100 ML,19469,3,6489.67,66.67
6200,LABORATORIOS ECAR S.A.,100006362,PASEDOL 50 MG 100 TABLETAS,2,1,770015130,OBS.ECAR PASEDOL 50 MG 100 TABLETAS,4451,3,2967.33,33.33
6200,LABORATORIO FRANCO COLOMBIANO LAFRA,100006950,ACETAMINOFEN 150 MG JARABE 60 ML AG,1,2,770002851,OBSEQUIO AG ACETAMINOFEN 150 MG JBE 60ML,4771,3,1590.33,66.67
6200,LABORATORIO FRANCO COLOMBIANO LAFRA,100006952,AZITROMICINA 500 MG 3 TABLETAS AG,1,1,770002952,OBS LAFRANCOL AZITROMICINA TABLETAS AG,1252,2,626.0,50.0
6200,LABORATORIOS ECAR S.A.,100007771,TIAMINA 300 MG 250 TABLETAS EC,3,1,770008354,OBS.ECAR TIAMINA 300 MG 250 TBS,5186,4,3889.5,25.0
6200,FARMA DE COLOMBIA S.A.,100007773,KEFLEX 500 MG 24 CAPSULAS (3%+)(A)(PAE),1,1,770016546,OBS.FARMA DE COL. KEFLEX 500MG 24 CAP,253098,2,126549.0,50.0
6200,LABORATORIOS LA SANTE S.A.,100007815,HIDROCLOROTIAZIDA 25 MG 30 TBS LS,2,1,770013440,OBS LASANTE HIDROCLOROTIAZIDA 25MG 30TBS,434,3,289.33,33.33
6200,LABORATORIO FRANCO COLOMBIANO LAFRA,100007825,LOVASTATINA 20 MG 20 TABLETAS AG,1,1,770006413,OBS.LOVASTATINA 20 MG 20 TABLETAS AG,12544,2,6272.0,50.0
6200,LAB.SIEGFRIED S.A,100007852,TIROXIN 50 MG 50 TABLETAS(PDB),3,1,770004313,OBS. SIEGFRIED TIROXIN 50 MG 50TBS,34838,4,26128.5,25.0
6200,LAB.SIEGFRIED S.A,100007885,PAMOX 250 MG 30 CAPSULAS(3%+),2,1,770017941,OBS.SIEGFRIED PAMOX 250 MG 30 CAPSULAS,117381,3,78254.0,33.33
6200,PROCAPS S.A.,100008411,LAGRIFRESH 15 ML,1,1,770002010,OBSEQUIO PROCAPS LAGRIFRESH 15 ML,31968,2,15984.0,50.0
6200,LAB. LEGRAND S.A.,100008720,PASTA GRANUGENA 60 GR,2,1,770008743,OBSEQUIO LEGRAND PASTA GRANUGENA 60 GR,18805,3,12536.67,33.33
6200,LABORATORIO FRANCO COLOMBIANO LAFRA,100008770,LOSARTAN 50 MG 15 TABLETAS AG,1,4,770006415,OBS.LOSARTAN 50 MG 15 TABLETAS AG,11728,5,2345.6,80.0
6200,PROCAPS S.A.,100009295,DIGESTA 250 MG 20 TBS,3,1,770001999,OBSEQUIO PROCAPS DIGESTA 250 MG 20 TBS,26367,4,19775.25,25.0
6200,FARMA DE COLOMBIA S.A.,100009535,CELECTAN 500 MG 6 TBS (3%+)(A)(PAE),1,1,770011892,OBS.FARMA CELECTAN 500 MG 6 TABLETAS,101526,2,50763.0,50.0
6200,FARMA DE COLOMBIA S.A.,100009536,CELECTAN 100MG 60ML S.(3%+)(A)(PAE),1,1,770011891,OBS.FARMA CELECTAN 100 MG SUSP.60 ML,106309,2,53154.5,50.0
6200,LABORATORIO FRANCO COLOMBIANO LAFRA,100009545,BETAMETASONA 0.1% CREMA 20 GR AG,3,1,770002953,OBSEQUIO BETAMETASONA CREMA AG,13974,4,10480.5,25.0
6200,LABORATORIOS LA SANTE S.A.,100009551,GENTAMICINA 0.3% OFTALMICA 10 ML LS,3,1,770009577,OBS.LA SANTE GENTAMICINA 0.3% OFT 10ML,9318,4,6988.5,25.0
6200,LABORATORIOS LA SANTE S.A.,100009553,ALCOHOL POLIVINILICO 1.4% 15 ML LS,2,1,770006283,OBS. LA SANTE ALCOHOL POLIVINILICO,14184,3,9456.0,33.33
6200,LABORATORIOS LA SANTE S.A.,100009674,SILDENAFIL MASTICABLE 2 TABLETAS LS,1,1,770005997,OBSEQUIO SILDENAFIL MAST.50 MG 2 TBS.LS,6485,2,3242.5,50.0
6200,LAB.SIEGFRIED S.A,100009755,EPITEN SOLUCION 10 ML,3,1,770010224,OBS. SIEGFRIED EPITEN SOLUCION 10 ML,31753,4,23814.75,25.0
6200,LAB.SIEGFRIED S.A,100009845,TIROXIN 125 MG 50 TABLETAS(PDB),3,1,770010363,OBS.SIEGFRIED TIROXIN 125 MG 50 TBS,67049,4,50286.75,25.0
6200,NOVAMED S.A.,100010371,CONGESTEX 60 CAPSULAS,2,1,770017502,OBS.NOVAMED CONGESTEX 60 CAPSULAS,8369,3,5579.33,33.33
6200,LABORATORIOS LA SANTE S.A.,100010377,AMITRIPTILINA 25 MG 30 TABLETAS LS,1,1,770006523,OBSEQUIO AMITRIPTILINA 25MG 30 TBS LS,12255,2,6127.5,50.0
6200,LABORATORIO FRANCO COLOMBIANO LAFRA,100010407,POSTDAY 0.75 MG 2 TABLETAS(P)17415(SC),3,1,770002994,OBSEQUIO POSTDAY 0.75 MG 2 TABLETAS,16027,4,12020.25,25.0
6200,FARMA DE COLOMBIA S.A.,100010510,CELECTAN 100/5 MG SUSP.30 ML (3%+),1,1,770011890,OBS.FARMA CELECTAN 100MG/5ML SUS.30ML,6889,2,3444.5,50.0
6200,LAB. LEGRAND S.A.,100010832,LEVOC JARABE 120 ML (PAE),2,1,770014607,OBS.LEGRAND LEVOC JARABE 120 ML,42933,3,28622.0,33.33
6200,LABORATORIO FRANCO COLOMBIANO LAFRA,100010981,ENSOY DIABETICOS 400 GR,1,1,770010251,OBS.LAFRANCOL ENSOY DIABETICOS 400 GR,534,2,267.0,50.0
6200,LABORATORIO FRANCO COLOMBIANO LAFRA,100010984,CETIRIZINA 10 MG 10 TABLETAS AG,2,1,770002854,OBSEQUIO AG CETIRIZINA 10 MG 10 TBS,5708,3,3805.33,33.33
6200,TECNOQUIMICAS S.A.,100011684,WASSERTROL GOTAS OFTAL.5 ML,3,1,770012944,OBS.TECNOQ.WASSERTROL GOTAS OFTAL.5 ML,16799,4,12599.25,25.0
6200,LABORATORIOS ECAR S.A.,100011770,SULFATO FERROSO 200 MG 250 GRAGEAS EC,3,1,770007474,OBS.SULFATO FERROSO 200 MG 250 GRA EC,25667,4,19250.25,25.0
6200,LABORATORIO FRANCO COLOMBIANO LAFRA,100011775,SILDENAFIL MASTICABLE 2 TABLETAS AG,3,2,770003348,OBSEQUIO SILDENAFIL MASTICABLE 2 TBS,6175,5,3705.0,40.0
6200,LAB. INCOBRA S.A.,100011801,CORASAN CREMA 40 GR,3,1,770019023,OBS.INCOBRA CORASAN CREMA 40 GR,38608,4,28956.0,25.0
6200,LABORATORIO FRANCO COLOMBIANO LAFRA,100011903,EROXIM 50 MG 4 TABLETAS,1,1,770007391,OBS.LAFRANCOL EROXIM 50 MG 4 TABLETAS,41612,2,20806.0,50.0
6200,HUMAX PHARMACEUTICAL,100011929,BISACODILO 5 MG 10 TABLETAS HP,3,1,770014208,OBS.HUMAX BISACODILO 5 MG 10 TABLETAS,2649,4,1986.75,25.0
6200,HUMAX PHARMACEUTICAL,100011930,BISACODILO 5 MG 100 TABLETAS HP,2,1,770014665,OBS.HUMAX BISACODILO 5 MG 100 TBS,21762,3,14508.0,33.33
6200,LAB.SIEGFRIED S.A,100012079,MELCOX 7.5 MG 10 TABLETAS MELOXICAM,2,1,770011083,OBS.SIEGFRIED MELCOX 7.5 MG 10 TBS,28634,3,19089.33,33.33
6200,LABORATORIO FRANCO COLOMBIANO LAFRA,100012193,MELOXICAM 15 MG 10 TABLETAS AG,3,2,770005935,OBSEQUIO MELOXICAM 15 MG 10 TABLETAS AG,134,5,80.4,40.0
6200,LABORATORIO FRANCO COLOMBIANO LAFRA,100012194,MELOXICAM 7.5 MG 10 TABLETAS AG,1,1,770005934,OBSEQUIO MELOXICAM 7.5 MG 10 TABLETAS AG,12373,2,6186.5,50.0
6200,GEDEON RICHTER COLOMBIA S.A.S,100012332,POSTINOR 1 1.5 MG 1 TABLETA(P)17415,1,1,770004226,OBSEQUIO POSTINOR-1 TABLETA 1 UNIDAD,17414,2,8707.0,50.0
6200,LABORATORIOS ECAR S.A.,100012431,ATORVASTATINA 20 MG 10 TABLETAS EC,2,1,770015137,OBS.ECAR ATORVASTATINA 20 MG 10 TBS,5717,3,3811.33,33.33
6200,PROCAPS S.A.,100012472,VITAMINA E CARE 400 U.I.150 CAPSULAS,3,1,770004073,OBS.PROCAPS VITAMINA E CARE 150 CAP,70585,4,52938.75,25.0
6200,LABORATORIO FRANCO COLOMBIANO LAFRA,100012732,ACETAMINOFEN 500 MG 100 TABLETAS AG,3,2,770006426,OBS. ACETAMINOFEN 500MG 100 TABLETAS AG,1658,5,994.8,40.0
6200,LABORATORIO FRANCO COLOMBIANO LAFRA,100012816,EROXIM 100 MG 1 TABLETA,1,1,770007390,OBS.LAFRANCOL EROXIM 100 MG 1 TABLETA,21242,2,10621.0,50.0
6200,LABORATORIO FRANCO COLOMBIANO LAFRA,100013164,CLOBETASOL PROPIONATO CREMA 40 GR AG,1,1,770005954,OBSEQUIO CLOBETASOL PROPIONATO 40 GR AG,23024,2,11512.0,50.0
6200,LABORATORIOS LA SANTE S.A.,100013204,N-ACETILCISTEINA 600 MG 10 SBS LS,3,1,770006781,OBS.LA SANTE N-ACETILCISTEINA 600 MG,23835,4,17876.25,25.0
6200,LABORATORIO FRANCO COLOMBIANO LAFRA,100013779,POSTDAY 1.5 MG 1 TABLETA(P)17415(SC)(SF),3,1,770005010,OBSEQUIO POSTDAY 1 TABLETA,16054,4,12040.5,25.0
6200,LAB.SIEGFRIED S.A,100013790,MELCOX 15 MG/1.5 ML 3 AMP MELOXICAM,2,1,770010707,OBS.SIEGFRIED MELCOX 15 MG/1.5 M 3AMP,27102,3,18068.0,33.33
6200,LAB.SIEGFRIED S.A,100013833,AQUASOL B6 30 CAPSULAS,2,1,770018525,OBS.SIEGFRIED AQUASOL B6 30 CAPSULAS,45959,3,30639.33,33.33
6200,LABORATORIO FRANCO COLOMBIANO LAFRA,100014028,SILDENAFIL 50 MG 4 TABLETAS AG,3,2,770006434,OBSEQUIO SILDENAFIL 50 MG 4 TABLETAS AG,10581,5,6348.6,40.0
6200,LABORATORIO FRANCO COLOMBIANO LAFRA,100014033,DEFLAZACORT 6 MG 10 TABLETAS AG,3,1,770006474,OBS.DEFLAZACORT 6 MG 10 TABLETAS AG,8231,4,6173.25,25.0
6200,HUMAX PHARMACEUTICAL,100014166,LEVOMEPROMAZINA 4% GOTAS 20 ML HP,1,1,770018981,OBS.HUMAX LEVOMEPROMAZINA 4% GOTAS 20 ML,49426,2,24713.0,50.0
6200,BIOCHEM FARMACEUTICA DE COLOMBIA,100014193,C GRIP VIT.C MAST.TROPICAL 100 TBS,1,1,770018070,OBS.BIOCHEM C GRIP VIT.C MAST.TR 100TBS,0,2,0.0,50.0
6200,LABORATORIO FRANCO COLOMBIANO LAFRA,100014360,LOSARTAN 50 MG 30 TABLETAS AG,1,4,770006414,OBS.LOSARTAN 50 MG 30 TABLETAS AG,22408,5,4481.6,80.0
6200,LABORATORIO FRANCO COLOMBIANO LAFRA,100014363,SILDENAFIL 100 MG 1 TABLETAS AG,3,2,770006432,OBSEQUIO SILDENAFIL 100 MG 1 TABLETAS AG,10358,5,6214.8,40.0
6200,LABORATORIO FRANCO COLOMBIANO LAFRA,100014553,AMITRIPTILINA 25 MG 30 TABLETAS AG,3,2,770006100,OBSEQUIO AMITRIPTILINA 25 MG 30 TBS.AG,10898,5,6538.8,40.0
6200,LABORATORIOS RICHMOND,100014671,HIOSCINA N-BUTIL BROMURO 10MG 300 TB.(A),1,1,770015012,OBS.EXPOFAR.HIOSCINA N-BUTIL BR.10MG 20T,107746,2,53873.0,50.0
6200,LABORATORIOS RICHMOND,100014682,CROMOGLICATO DE SODIO 2% OFTALM.5 ML EX,2,1,770010704,OBS.EXPOFARMA CROMOGLI.DE S.2% OFT.5M,8397,3,5598.0,33.33
6200,LABORATORIOS RICHMOND,100014683,COLCHICINA 0.5 MG 40 TABLETAS EX,2,1,770010321,OBS.EXPOFARMA COLCHICINA 0.5 MG 40 TBS,9935,3,6623.33,33.33
6200,LABORATORIOS LA SANTE S.A.,100014896,OLANZAPINA 10 MG 14 TABLETAS LS(P)60221,3,1,770013073,OBS.LA SANTE OLANZAPINA 10 MG 14 TBS,52677,4,39507.75,25.0
6200,LABORATORIOS LA SANTE S.A.,100014897,OLANZAPINA 5 MG 14 TBS LS(P)30111,3,1,770012693,OBS.LA SANTE OLANZAPINA 5 MG 14 TBS,24501,4,18375.75,25.0
6200,NOVAMED S.A.,100014930,OMEPRAZOL PRAZED 20 MG 30 CAPSULAS,1,2,770009582,OBS.NOVAMED PRAZED 20 MG 30 CAPSULAS,16455,3,5485.0,66.67
6200,LABORATORIO FRANCO COLOMBIANO LAFRA,100015289,ESOMEPRAZOL 40 MG 14 TABLETAS AG,1,2,770006567,OBSEQUIO ESOMEPRAZOL 40 MG 14 TBS AG,49711,3,16570.33,66.67
6200,LABORATORIO FRANCO COLOMBIANO LAFRA,100015290,ESOMEPRAZOL 20 MG 14 TABLETAS AG,2,3,770006568,OBSEQUIO ESOMEPRAZOL 20 MG 14 TBS AG,45374,5,18149.6,60.0
6200,LABORATORIOS RICHMOND,100015322,TRIMEBUTINA 200 MG 20 TABLETAS EX,3,1,770012656,OBS.EXPOFARMA PRAZOSINA 1 MG 30 TBS,14193,4,10644.75,25.0
6200,LABORATORIOS RICHMOND,100015326,TRAMADOL 100 MG GOTAS 10 ML EX,2,3,770008563,OBS.EXPOFARMA TRAMADOL 100 MG GTS 10 ML,11946,5,4778.4,60.0
6200,LABORATORIOS RICHMOND,100015331,LOSARTAN 50 MG 30 TABLETAS EX,2,3,770007531,OBS.EXPOFARMA LOSARTAN 50 MG 30 TBS,10763,5,4305.2,60.0
6200,LABORATORIOS LA SANTE S.A.,100015495,CLOBETASOL PROPIONATO CREMA 40 GR LS,1,1,770008333,OBS.LA SANTE CLOBETASOL PROPIO CRE 40,23009,2,11504.5,50.0
6200,LAB.SIEGFRIED S.A,100015536,TIROXIN 100 MCG 50 TABLETAS(PDB),3,1,770010365,OBS.SIEGFRIED TIROXIN 100 MCG 50 TBS,47904,4,35928.0,25.0
6200,LABORATORIOS ECAR S.A.,100015650,ECARVIT JALEA 220 ML,2,1,770014625,OBS.ECAR SERTRALINA 50 MG 10 TABLETAS,36313,3,24208.67,33.33
6200,LAB.SIEGFRIED S.A,100015724,S-ORIPOL 400 MG 100 CAPSULAS(A),3,1,770015662,OBS. SIEGFRIED S-ORIPOL 400 MG 100 CAPS,308381,4,231285.75,25.0
6200,LAB.SIEGFRIED S.A,100015725,S-ORIPOL 400 MG 20 CAPSULAS,3,1,770006881,OBS.SIEGFRIG S-ORIPOL 400 MG 20 CAPSULAS,71561,4,53670.75,25.0
6200,LABORATORIO FRANCO COLOMBIANO LAFRA,100015803,TIZANIDINA 2 MG 20 TABLETAS AG,1,1,770008222,OBS.LAFRANCOL TIZANIDINA 2 MG 20 TBS,59243,2,29621.5,50.0
6200,LAB.SIEGFRIED S.A,100015886,TIROXIN 88 MCG 50 TABLETAS(PDB),3,1,770010366,OBS.SIEGFRIED TIROXIN 88 MCG 50 TBS,53036,4,39777.0,25.0
6200,LABORATORIO FRANCO COLOMBIANO LAFRA,100016040,MOVIDOL 48 TABLETAS,3,1,770012911,OBS.LAFRANCOL MOVIDOL 48 TABLETAS,71591,4,53693.25,25.0
6200,LABORATORIOS LA SANTE S.A.,100016222,CIPROFIBRATO 100 MG 10 TBS LS (P)8640,3,1,770009569,OBS.LA SANTE CIPROFIBRATO 100 MG 10 TBS,6898,4,5173.5,25.0
6200,QUIBI S.A. EN REESTRUCTURACION,100016255,ENEMATROL FOSFATO 133 ML,3,1,770010481,OBS.QUIBI ENEMATROL FOSFATO 133 ML,16649,4,12486.75,25.0
6200,LABORATORIO FRANCO COLOMBIANO LAFRA,100016280,SEVEDOL 60 TABLETAS,3,1,770013570,OBS.LAFRANCOL SEVEDOL 60 TABLETAS,91503,4,68627.25,25.0
6200,LAB.SIEGFRIED S.A,100016350,QUANOX IVERMECTINA LOCION 60 ML,2,1,770008785,OBS.SIEGFRIED QUANOX LOCION 60 ML,49881,3,33254.0,33.33
6200,LAB.SIEGFRIED S.A,100016627,CONDIMAX 5 ML,1,1,770007594,OBS. SIEGFRIED CONDIMAX 5 ML,65565,2,32782.5,50.0
6200,LAB.SIEGFRIED S.A,100016683,TIROXIN 25 MG 50 TABLETAS(PDB),3,1,770010369,OBS.SIEGFRIED TIROXIN 25 MCG 50 TBS,33792,4,25344.0,25.0
6200,QUIBI S.A. EN REESTRUCTURACION,100016770,ENEMATROL ORAL LIMON 133 ML,3,1,770011492,OBS.QUIBI ENEMATROL ORAL LIMON 133 ML,0,4,0.0,25.0
6200,HUMAX PHARMACEUTICAL,100016795,SULZINC 80 ML,2,1,770008986,OBS.HUMAX SULZINC 80 ML,19656,3,13104.0,33.33
6200,LABORATORIOS ECAR S.A.,100016840,FARMALAX BISACODILO 5 MG 10 CAPSULAS,2,1,770008092,OBS.ECAR FARMALAX 5 MILIGRAMOS 10 CAP,4142,3,2761.33,33.33
6200,LABORATORIOS ECAR S.A.,100016843,FARMALAX BISACODILO 5 MG 100 CAPSULAS,2,1,770008093,OBS.ECAR FARMALAX BISACODILO 5MG 100CAP,17967,3,11978.0,33.33
6200,LABORATORIO FRANCO COLOMBIANO LAFRA,100016921,CEFALEXINA 500 MG 50 TABLETAS AG,2,1,770008205,OBS.LAFRANCOL CEFALEXINA 500 MG 50 TBS,41167,3,27444.67,33.33
6200,LAB.SIEGFRIED S.A,100017142,RIFAPEN SPRAY 1% 20 ML,1,1,770007928,OBS. SIEGFRIED RIFAPEN SPRAY 1% 20 ML,53001,2,26500.5,50.0
6200,LABORATORIO FRANCO COLOMBIANO LAFRA,100017206,MONTELUKAST 10 MG 10 TABLETAS AG,2,1,770007997,OBS.AMERICAN MONTELUKAST 10 MG 10 TBS,22286,3,14857.33,33.33
6200,LAB.SIEGFRIED S.A,100017473,TIROXIN 62 MCG 50 TABLETAS(PDB),3,1,770010368,OBS.SIEGFRIED TIROXIN 62 MCG 50 TBS,3469,4,2601.75,25.0
6200,NOVAMED S.A.,100017499,LORATADINA LORDINEX 10 MG 10 TABLETAS,1,1,770009585,OBS.NOVAMED LORDINEX 10 MG 10 TBS,5648,2,2824.0,50.0
6200,LAB. INCOBRA S.A.,100017559,NECROXIL 500 MG 10 TABLETAS,2,1,770017746,OBS.INCOBRA NECROXIL 500 MG 10 TABLETAS,64016,3,42677.33,33.33
6200,LABORATORIOS LA SANTE S.A.,100017601,LEVOCETIRIZINA 5 MG 10 TABLETAS LS,3,2,770012695,OBS.LA SANTE LEVOCETIRIZINA 5 MG 10 TBS,33294,5,19976.4,40.0
6200,NOVAMED S.A.,100017646,FLUMIXOL 600 MG 30 SOBRES,1,1,770011965,OBS.NOVAMED FLUMIXOL 600 MG 30 SOBRES,105625,2,52812.5,50.0
6200,NOVAMED S.A.,100017647,FLUMIXOL 200 MG 30 SOBRES,1,1,770011968,OBS.NOVAMED FLUMIXOL 200 MG 30 SOBRES,43769,2,21884.5,50.0
6200,QUIBI S.A. EN REESTRUCTURACION,100017667,FISIOLINE SPRAY NASAL 30 ML,3,1,770010480,OBS.QUIBI FISIOLINE SOLUCION 30 ML,22389,4,16791.75,25.0
6200,LABORATORIOS RICHMOND,100017950,PRAZOSINA 1 MG 30 TABLETAS EX,3,2,770012656,OBS.EXPOFARMA PRAZOSINA 1 MG 30 TBS,8504,5,5102.4,40.0
6200,LABORATORIO FRANCO COLOMBIANO LAFRA,100017970,BETAMETASONA 0.05 % CREMA 20 GR AG,3,1,770010042,OBS.LAFRANCOL BETAMETASONA 0.05 % CR.20,10582,4,7936.5,25.0
6200,LAB. AMERICA S.A.,100018194,X-PECTORYL 120 ML LA,2,1,770015190,OBS.LAB.AMERICA X-PECTORYL 120 ML,9657,3,6438.0,33.33
6200,LAB. AMERICA S.A.,100018216,ACIDO RETINOICO 0.05% LOCION 60 ML LA,1,1,770010796,OBS.AMERICA ACIDO RETINOICO 0.05% 60M,22353,2,11176.5,50.0
6200,LAB. AMERICA S.A.,100018222,DISEREC 50 MG 4 TBS LA,1,2,770015197,OBS.LAB.AMERICA DISEREC 50 MG 4 TBS,11591,3,3863.67,66.67
6200,LAB. AMERICA S.A.,100018225,CIFLOXAL 500 MG 10 TBS LA,1,1,770015200,OBS.LAB.AMERICA CIFLOXAL 500 MG 10 TBS,17483,2,8741.5,50.0
6200,LABORATORIO FRANCO COLOMBIANO LAFRA,100018235,FEXOFENADINA 120 MG 10 TBS AG,3,2,770009710,OBS.LAFRANCOL FEXOFENADINA 120 MG 10,58419,5,35051.4,40.0
6200,LAB. LEGRAND S.A.,100018321,ADIX 750 MG 5 TABLETAS (A),1,1,770008919,OBS.LEGRAND ADIX 750 MG 5 TABLETAS,0,2,0.0,50.0
6200,FARMA DE COLOMBIA S.A.,100018645,FARMA D VITAMINA D3 1000UI 50 CAP,2,1,770016793,OBS.FARMA C. FARMA D VITAMINA D 50 CAP,60046,3,40030.67,33.33
6200,LAB.SIEGFRIED S.A,100018691,S-ORIPOL FORTE 100 CAPSULAS (A),2,1,770015663,OBS. SIEGFRIED S-ORIPOL FORTE 100 CAPS,346108,3,230738.67,33.33
6200,LAB.SIEGFRIED S.A,100018692,S-ORIPOL FORTE 20 CAPSULAS,3,1,770009276,OBS. SIEGFRIE S-ORIPOL FORTE 20 CAPSULAS,85675,4,64256.25,25.0
6200,BIOCHEM FARMACEUTICA DE COLOMBIA,100018980,C GRIP VIT.C MASTICABLE NARANJA 100 T,1,1,770018070,OBS.BIOCHEM C GRIP VIT.C MAST.TR 100TBS,49396,2,24698.0,50.0
6200,LABORATORIO FRANCO COLOMBIANO LAFRA,100019012,COLIK FORTE 40 TABLETAS,3,1,770010459,OBS.LAFRANCOL COLIK FORTE 40 TABLETAS,69016,4,51762.0,25.0
6200,NOVAMED S.A.,100019071,LORDINEX D 10 CAPSULAS,1,1,770009800,OBS.NOVAMED LORDINEX D 10 CAPSULAS,67399,2,33699.5,50.0
6200,LAB. INCOBRA S.A.,100019114,FURODERM CREMA 15 GR,2,1,770019025,OBS.INCOBRA FURODERM CREMA 15 GR,31678,3,21118.67,33.33
6200,NOVAMED S.A.,100019323,ACETAMINOFEN CRONOFEN 500 MG 100 TBS,1,4,770015973,OBS.NOVAMED CRONOFEN 100 TABLETAS,40074,5,8014.8,80.0
6200,NOVAMED S.A.,100019378,CONGESTEX ULTRA GRIPA 32 TBS,2,1,770011602,OBS.NOVAMED CONGESTEX ULTRA GRIPA 32 TBS,51326,3,34217.33,33.33
6200,LABORATORIOS ECAR S.A.,100019430,ATORVASTATINA 20 MG 100 TABLETAS EC,1,1,770014278,OBS.ECAR ATORVASTATINA 20 MG 100 TBS,40426,2,20213.0,50.0
6200,LABORATORIO FRANCO COLOMBIANO LAFRA,100019601,SEVEDOL EXTRA FUERTE 60 TABLETAS,3,1,770012820,OBS.LAFRANCOL SEVEDOL EXTRA FUERTE 60TBS,121506,4,91129.5,25.0
6200,LAB. INCOBRA S.A.,100019631,DOLUMBAR 220 MG+50 MG CAFEINA 10 TBS,1,1,770014856,OBS.INCOBRA DOLUMBAR 220+50MG C.10TBS,15729,2,7864.5,50.0
6200,NOVAMED S.A.,100019641,ZIPED SOLUCION 90 ML,2,1,770012335,OBS.NOVEMED ZIPED SOLUCION 90 ML,26371,3,17580.67,33.33
6200,LABORATORIOS ECAR S.A.,100019721,CETIRIZINA JARABE 60 ML EC,2,1,770013620,OBS.ECAR CETIRIZINA JARABE 60 ML,8109,3,5406.0,33.33
6200,LABORATORIOS LA SANTE S.A.,100019740,ACICLOVIR CREMA TOPICA 5% 20 GR LS,3,1,770013518,OBS.LA SANTE ACICLOVIR CRE.TOP.5% 20 GR,13251,4,9938.25,25.0
6200,NOVAMED S.A.,100019881,ACETAMINOFEN CRONOFEN 500 MG 400 TABS(A),1,4,770011603,OBS.NOVAMED CRONOFEN 500 MG 400 TABLETAS,142752,5,28550.4,80.0
6200,LABORATORIOS ECAR S.A.,100020023,LOSARTAN 50 MG 300 TBS EC,1,1,770012965,OBS.ECAR LOSARTAN 50 MG 300 TBS,48301,2,24150.5,50.0
6200,LABORATORIOS ECAR S.A.,100020025,SERTRALINA 50 MG 10 TABLETAS EC,1,1,770014625,OBS.ECAR SERTRALINA 50 MG 10 TABLETAS,24267,2,12133.5,50.0
6200,LAB. AMERICA S.A.,100020210,METACET 500 MG/350 MG 30 TBS LA,1,1,770015197,OBS.LAB.AMERICA DISEREC 50 MG 4 TBS,0,2,0.0,50.0
6200,LABORATORIOS ECAR S.A.,100020336,ORLISTAT 120 MG 60 CAPSULAS ECAR (A),1,1,770016717,OBS.ECAR ORLISTAT 120 MG 60 CAP (A),139887,2,69943.5,50.0
6200,LABORATORIOS ECAR S.A.,100020337,ORLISTAT 120 MG 30 CAPSULAS ECAR,1,1,770013204,OBS.ECAR ORLISTAT 120 MG 30 CAPSULAS,72977,2,36488.5,50.0
6200,LABORATORIOS ECAR S.A.,100020494,AMLODIPINO 10 MG 100 TABLETAS EC,2,1,770018136,OBS.ECAR AMLODIPINO 10 MG 100 TABLETAS,24617,3,16411.33,33.33
6200,LABORATORIOS ECAR S.A.,100020495,AMLODIPINO 5 MG 100 TABLETAS EC,2,1,770018137,OBS.ECAR AMLODIPINO 5 MG 100 TABLETAS,21292,3,14194.67,33.33
6200,LAB. AMERICA S.A.,100020700,DISEREC 50 MG 4 TBS PG.2 LL.3 LA,1,1,770015197,OBS.LAB.AMERICA DISEREC 50 MG 4 TBS,23333,2,11666.5,50.0
6200,LAB.SIEGFRIED S.A,100020840,DICLOCIL 20 CAPSULAS (3%+),3,1,770011436,OBS. SIEGFRIED DICLOCIL 20 CAPSULAS,114885,4,86163.75,25.0
6200,NOVAMED S.A.,100020905,LANSOPRAZOL LANZOR 30 MG 28 CAPSULAS,1,2,770011599,OBS.NOVAMED LANZOR 30 MG 28 CAPSULAS,55125,3,18375.0,66.67
6200,NOVAMED S.A.,100020906,CRONOFEN L JARABE 100 ML,3,1,770011564,OBS.NOVAMED CRONOFEN L JARABE 100 ML,17005,4,12753.75,25.0
6200,LABORATORIOS ECAR S.A.,100020909,PREGABALINA 300 MG 30 CAP.EC (P)200070,2,1,770015621,OBS.LAB ECAR PREGABALINA 300 MG 30 CA,80736,3,53824.0,33.33
6200,LABORATORIO FRANCO COLOMBIANO LAFRA,100021033,POSTDAY 0.75 MG 8 TBS (3%+)(P)69659(SC),1,2,770011570,OBS.LAFRANCOL POSTDAY 0.75 MG 8 TABLETAS,64195,3,21398.33,66.67
6200,FARMA DE COLOMBIA S.A.,100021039,FARMA D VITAMINA D3 2000UI 60 CAP,2,1,770017116,OBS.FARMA FARMA D VIT.D3 2000UI 60 CAP,73605,3,49070.0,33.33
6200,LAB.SIEGFRIED S.A,100021098,DRENABYL JARABE 120 ML,3,1,770011611,OBS. SIEGFRIED DRENABYL JARABE 120 ML,35805,4,26853.75,25.0
6200,HUMAX PHARMACEUTICAL,100021102,DIHIDROCODEINA JARABE 120 ML HP,1,1,770018662,OBS.HUMAX DIHIDROCODEINA JARABE 120 ML,13791,2,6895.5,50.0
6200,LAB. INCOBRA S.A.,100021297,DEPRALIN 10 MG 30 TABLETAS,1,1,770017256,OBS.INCOBRA DEPRALIN 10 MG 30 TABLETAS,68966,2,34483.0,50.0
6200,NEW TRADE INTERNATIONAL S.A.S.,100021373,DIOSMIT 3 GRAMOS 6 SOBRES,1,1,770011790,OBS.SYGMA DIOSMIT 3 GR 6 SOBRES,47781,2,23890.5,50.0
6200,LABORATORIO FRANCO COLOMBIANO LAFRA,100021617,LUMBAL FORTE 36 TABLETAS,3,1,770013638,OBS.LAFRANCOL LUMBAL FORTE 36 TABLETAS,109649,4,82236.75,25.0
6200,NOVAMED S.A.,100021636,MICOTOPIC CREMA TUBO 40 GR,1,1,770012333,OBS.NOVAMED MICOTOPIC CREMA TUBO 40GR,46185,2,23092.5,50.0
6200,LABORATORIOS ECAR S.A.,100021692,LUDIKA TADALAFILO 20 MG 1 TABLETA,1,2,770013621,OBS.ECAR LUDIKA 20 MG 1 TABLETA,23567,3,7855.67,66.67
6200,LABORATORIOS ECAR S.A.,100021693,LUDIKA TADALAFILO 20 MG 4 TBS (3%+)(PAE),1,2,770018640,OBS.ECAR LUDIKA TADALAFILO 20 MG 4 TBS,80969,3,26989.67,66.67
6200,LABORATORIO FRANCO COLOMBIANO LAFRA,100021797,DURAX VSD 10 MG 2 TBS,1,1,770012213,OBS.LAFRANCOL DURAX VSD 10 MG 2 TBS,45017,2,22508.5,50.0
6200,LABORATORIO FRANCO COLOMBIANO LAFRA,100021798,DURAX VSD 5 MG 28 TBS (A)(3%+)(PAE),1,1,770012211,OBS.LAFRANCOL DURAX VSD 5 MG 28 TBS,257547,2,128773.5,50.0
6200,LABORATORIO FRANCO COLOMBIANO LAFRA,100021799,DURAX VSD 20 MG 1 TBS,1,1,770012214,OBS.LAFRANCOL DURAX VSD 20 MG 1 TBS,31859,2,15929.5,50.0
6200,LABORATORIO FRANCO COLOMBIANO LAFRA,100021800,DURAX VSD 20 MG 2 TBS,1,1,770012215,OBS.LAFRANCOL DURAX VSD 20 MG 2 TBS,60084,2,30042.0,50.0
6200,LAB.SIEGFRIED S.A,100021838,DIMETAPP GRIPA 500 MG 100 CAPSULAS,3,1,770012262,OBS. SIEGFRIED DIMETAPP GRIPA 500 MG 100,141658,4,106243.5,25.0
6200,BAYER S.A.,100021843,DOMEBORO PAGUE 25 LLEVE 30 SBS,2,1,770018426,OBS BAYER DOMEBORO PAGU 25 LLEVE 30 SBS,40991,3,27327.33,33.33
6200,NOVAMED S.A.,100021926,CONGESTEX G KIDS 90 ML,1,1,770012573,OBS.NOVAMED CONGESTEX G KIDS 90 ML,24829,2,12414.5,50.0
6200,LABORATORIO FRANCO COLOMBIANO LAFRA,100021942,DIHIDROCODEINA 2.42 MG/ML JBE 120 ML AG,3,1,770012403,OBS.LAFRANCOL DIHIDROCODEINA JBE 120M,14643,4,10982.25,25.0
6200,LABORATORIOS ECAR S.A.,100022040,FARMALAX PEG 3350 160 GR,2,1,770018635,OBS.ECAR FARMALAX PEG 3350 160 GR,49293,3,32862.0,33.33
6200,LABORATORIOS ECAR S.A.,100022041,FARMALAX PEG 3350 15 SBS 17 GR,2,1,770018634,OBS.ECAR FARMALAX PEG 3350 15 SBS 17 GR,84002,3,56001.33,33.33
6200,LAB. INCOBRA S.A.,100022131,FOSFOROVITAM 20 CAPSULAS (3%+),2,1,770014470,OBS.INCOBRA FOSFOROVITAM 20 CAPSULAS,59209,3,39472.67,33.33
6200,NOVAMED S.A.,100022176,ZIPED FORTE SOLUCION 90 ML,2,1,770012538,OBS.NOVAMED ZIPED FORTE SOLUCION 90 ML,27457,3,18304.67,33.33
6200,NOVAMED S.A.,100022201,LOSARTAN TENSOFAR 50 MG 30 TABLETAS,1,3,770012571,OBS.NOVAMED TENSOFAR 50 MG 30 TABLETAS,19701,4,4925.25,75.0
6200,NOVAMED S.A.,100022202,LOSARTAN TENSOFAR 100 MG 30 TABLETAS,1,3,770013874,OBS.NOVAMED TENSOFAR 100 MG 30 TABLETAS,33595,4,8398.75,75.0
6200,LAB. INCOBRA S.A.,100022210,DERMOQUINONA CREMA 30 GRAMOS,3,1,770014349,OBS.INCOBRA DERMOQUINONA CREMA 30 GRS,22219,4,16664.25,25.0
6200,LAB.SIEGFRIED S.A,100022241,VERACEF 500 MG 24 CAPSULAS(3%+),3,1,770012588,OBS. SIEGFRIED VERACEF 500MG 24 CAPSULAS,122145,4,91608.75,25.0
6200,LABORATORIO FRANCO COLOMBIANO LAFRA,100022323,ACICLOVIR 800 MG 30 TBS AG,3,1,770012640,OBS.LAFRANCOL ACICLOVIR 800 MG 30 TBS,4337,4,3252.75,25.0
6200,LAB.SIEGFRIED S.A,100022362,VERACEF 250 MG SUSPENSION 80 ML,3,1,770012707,OBS. SIEGFRIED VERACEF 250 MG SUSP.80 ML,0,4,0.0,25.0
6200,FAES FARMA COLOMBIA SAS,100022410,SALBUTAMOL SACRUSYT INHAL 200 DOSIS,3,2,770012743,OBS.BCN SACRUSYT INHALADOR 200 DOSIS,20821,5,12492.6,40.0
6200,FAES FARMA COLOMBIA SAS,100022703,AMOXICILINA SOLOMOXY 500 MG 60 CAPSULAS,2,1,770016589,OBS.BCN SOLOMOXY 500 MG 60 CAPSULAS,34597,3,23064.67,33.33
6200,FAES FARMA COLOMBIA SAS,100022704,BECLOMET. NAS ECLOSYNT  50MCG INHAL 200D,3,1,770013050,OBS.BCN ECLOSYNT-NAS 50 MCG INH.200,56902,4,42676.5,25.0
6200,FAES FARMA COLOMBIA SAS,100022705,BECLOMET. ECLOSYNT 50MCG INHAL 200DOSIS,3,1,770013046,OBS.BCN ECLOSYNT 50 MCG INHALADOR 200 DO,36113,4,27084.75,25.0
6200,FAES FARMA COLOMBIA SAS,100022706,BECLOMET. ECLOSYNT 250MCG INHAL 200DOSIS,3,1,770013044,OBS.BCN ECLOSYNT 250 MCG INHAL.200 DOSIS,52526,4,39394.5,25.0
6200,OPELLA HEALTHCARE COLOMBIA S.A.S.,100022711,ENTEROGERMINA PLUS 5 AMPOLLAS BEBIBLES,1,2,770019284,OBS.OPELLA ELECTROL HIDRAT MARACUY 625ML,79036,3,26345.33,66.67
6200,LAB. INCOBRA S.A.,100022922,OFTALMOTRIALER OLOPATA.0.2% OFT.5ML(3%+),1,2,770014619,OBS.INCO OFTALMOTRIALER GOTAS OFT.5ML,87224,3,29074.67,66.67
6200,LABORATORIOS ECAR S.A.,100022951,ATORVASTATINA 40 MG 10 TABLETAS EC,1,2,770013435,OBS.ECAR ATORVASTATINA 40 MG 10 TAB,21526,3,7175.33,66.67
6200,LABORATORIOS ECAR S.A.,100022952,CLORFENIRAMINA JARABE 120 ML EC,2,1,770013610,OBS.ECAR CLORFENIRAMINA JARABE 120 ML EC,4959,3,3306.0,33.33
6200,FAES FARMA COLOMBIA SAS,100023155,FORFLOW SOLUCION RECTAL 133 ML,1,1,770015144,OBS.BCN FORFLOW SOLUCION RECTAL 133 ML,28429,2,14214.5,50.0
6200,QUIBI S.A. EN REESTRUCTURACION,100023386,PEDIAVEX ZINC FCO  x 120ml,3,1,770014215,OBS.QUIBI PEDIAVEX SOLUCION 120 ML,0,4,0.0,25.0
6200,NOVAMED S.A.,100023388,CONGESTEX GRIPA GRANULADO 30 SBS,3,1,770017220,OBS.NOVAMED CONGESTEX GRIPA GRANULA.30SB,51264,4,38448.0,25.0
6200,LABORATORIO FRANCO COLOMBIANO LAFRA,100023397,ACETAMINOFEN/CODEINA 325/30 MG 30 TBS AG,3,1,770013711,OBS.LAFRANCOL ACETAMINOFEN/COD.325/30TBS,0,4,0.0,25.0
6200,NOVAMED S.A.,100023603,CRONOFEN NINOS GOTAS 30 ML,2,1,770008665,OBS.NOVAMED CRONOFEN GOTAS 30 ML,14423,3,9615.33,33.33
6200,LAB. INCOBRA S.A.,100023637,NEURO 15 FOSFORO NF 20 CAP (3%+)(PAE),3,1,770014356,OBS.INCOBRA NEURO 15 FOSFORO NF 20,0,4,0.0,25.0
6200,NOVAMED S.A.,100023740,LORATADINA LORDINEX 5 ML JARABE 90 ML,1,1,770014871,OBS.NOVAMED LORDINEX 5ML JARABE 90 ML,11615,2,5807.5,50.0
6200,LABORATORIOS ECAR S.A.,100023785,FEXOFENADINA 30Mg/5ML JARABE 150 ML ECA,2,1,770014623,OBS.ECAR FEXOFENADINA JARABE 30 M 150,42701,3,28467.33,33.33
6200,LAB.SIEGFRIED S.A,100023799,TREX CREMA TOPICA TUBO 30 GR,2,1,770014841,OBS.SIEGFRIED TREX CREMA TOP TUB.30GR,35706,3,23804.0,33.33
6200,LABORATORIOS ECAR S.A.,100023802,FEXOFENADINA 180 MG 10 TBS ECAR,2,1,770014624,OBS.ECAR FEXOFENADINA 180 MG 10 TBS,63877,3,42584.67,33.33
6200,HUMAX PHARMACEUTICAL,100023823,CONSTILAX LACTULOSA JBE 66.7% 240 ML HP,1,1,770015637,OBS.HUMAX CONST.LACT.JBE 66.7% 240 ML,94101,2,47050.5,50.0
6200,FARMA DE COLOMBIA S.A.,100023850,MILPAX NF CEREZA SACHET 10 ML 12 SBS,1,1,770015019,OBS. FARM MILPAX CEREZ SAC 10ML 12SBS,31095,2,15547.5,50.0
6200,LABORATORIOS ECAR S.A.,100023885,SULFATO FERROSO 300 MG 250 TABLETAS EC,3,1,770017410,OBS.ECAR SULFATO FERROSO 300 MG 250 TBS,23451,4,17588.25,25.0
6200,LABORATORIOS LA SANTE S.A.,100023894,CARVEDILOL 12.5 MG 30 TBS LS(P)17835,3,1,770015282,OBS.LA SANTE CARVEDILOL12.5 MG 30 TBS,15013,4,11259.75,25.0
6200,LABORATORIOS ECAR S.A.,100023946,LUDIKA TADALAFILO 5 MG 30 TBS ECAR(PAE),1,2,770018641,OBS.ECAR LUDIKA TADALAFILO 5 MG 30 TBS,84119,3,28039.67,66.67
6200,LABORATORIOS CRUZ AZUL S.A.S,100023985,KIT CRUZ AZUL CHA.60ML+LOCION 60ML+PEINE,2,3,770018591,OBS. CRUZ AZUL PRUEBA DE EMBARAZO CASSET,3032,5,1212.8,60.0
6200,PROCAPS S.A.,100024270,VITAMINA E HELTH 1000 UI CAJA 30 CAPS PC,3,1,770015614,OBS.PROCAPS VIT.E HELTH 1000 UI C.30CAPS,56818,4,42613.5,25.0
6200,LAB. INCOBRA S.A.,100024352,OFTALMOTRI LUB SOLUCION OFTALMICA 15 ML,3,2,770017053,OBS.INCOBRA OFTALMOTRI LUB SOL.OFT.15ML,25188,5,15112.8,40.0
6200,LAB.SIEGFRIED S.A,100024354,LASONIL ACTIVE GEL 30 GR,3,1,770015293,OBS. SIEGFRIED LASONIL ACTIVE GEL 30 GR,59105,4,44328.75,25.0
6200,LABORATORIO FRANCO COLOMBIANO LAFRA,100024391,SEVEDOL EXTRA FUERTE 8 TABLETAS,2,1,770016682,OBS.LAFRAN SEVEDOL EXTRA FUERTE 8 TBS,16288,3,10858.67,33.33
6200,LABORATORIO FRANCO COLOMBIANO LAFRA,100024394,SEVEDOL EXTRA FUERTE 16 TABLETAS,2,1,770019161,OBS.LAFRAN SEVEDOL EXTRA FUERTE 16 TAB,33428,3,22285.33,33.33
6200,NOVAMED S.A.,100024431,TADALAFILO IRTAL 20 MG 1 TABLETAS,1,3,770015372,OBS.NOVAMED IRTAL 20MG 1 TBS,33757,4,8439.25,75.0
6200,VITALIS S.A C.I.,100024546,ACIDO FUSIDICO 2% CREMA 15 GR VT,1,1,770015222,OBS.VITALIS ACIDO FUSIDICO 2%CREMA 15 GR,14784,2,7392.0,50.0
6200,VITALIS S.A C.I.,100024555,CLOTRIMAZOL 1% CREMA TOPICA 40 GR VT,1,1,770014997,OBS.VITALIS CLOTRIMAZOL 1% CRE.TOP.40GR,9462,2,4731.0,50.0
6200,VITALIS S.A C.I.,100024557,DICLOFENACO 1% GEL 50 GR VT,1,1,770014996,OBS.VITALIS DICLOFENACO 1% GEL 50 GR VT,14193,2,7096.5,50.0
6200,VITALIS S.A C.I.,100024594,CLOBECARE 0.05% CREMA 40 GR VT,2,1,770015009,OBS.VITALIS CLOBECARE 0.05% CREMA 40,20461,3,13640.67,33.33
6200,VITALIS S.A C.I.,100024597,MICUTEN 30 CREMA TUBO 20 GR VT,1,1,770015007,OBS.VITALIS MICUTEN 30 CREMA TUBO 20,19515,2,9757.5,50.0
6200,VITALIS S.A C.I.,100024598,GYNOCOMFORT 2% CREMA VAGINAL 20 GR VT,2,1,770015008,OBS.VITALIS GYNOCOMFORT 2%CR.VAGINAL 20G,20461,3,13640.67,33.33
6200,LABORATORIOS ECAR S.A.,100024620,PREGABALINA 75 MG 30 CAP EC (P)50018,3,1,770014625,OBS.ECAR SERTRALINA 50 MG 10 TABLETAS,24326,4,18244.5,25.0
6200,PROCAPS S.A.,100024854,VITAMINA C 500 MG 60 CAPSULAS PC,3,1,770015706,OBS.PROCAPS VITAMINA C 500 MG 60 CAP,0,4,0.0,25.0
6200,LAB. INCOBRA S.A.,100024873,CORASAN CREMA 20 GR,3,1,770019022,OBS.INCOBRA CORASAN CREMA 20 GR,22109,4,16581.75,25.0
6200,FAES FARMA COLOMBIA SAS,100024884,DEMTRIS UNGUENTO 30 GR,1,1,770017139,OBS.BCN DEMTRIS UNGUENTO 30 GR,49874,2,24937.0,50.0
6200,VITALIS S.A C.I.,100024922,BETAMETASONA 0.1% CREMA 20 GR VT,2,1,770015186,OBS.VITALIS BETAMETASONA 0.1% CREMA 20GR,958,3,638.67,33.33
6200,VITALIS S.A C.I.,100025044,PIROXICAM GEL 0.5% 40 GR VT,1,1,770015283,OBS.VITALIS PIROXICAM GEL 0.5% 40 GR,15375,2,7687.5,50.0
6200,VITALIS S.A C.I.,100025046,CLOBETASOL 0.05% CREMA 40 GR VT,2,1,770015285,OBS.VITALIS CLOBETASOL 0.05% CREMA 40 GR,16558,3,11038.67,33.33
6200,VITALIS S.A C.I.,100025047,ACICLOVIR 5% UNGUENTO 15 GR VT,1,1,770015286,OBS.VITALIS ACICLOVIR 5% UNGUENTO 15 GR,1301,2,650.5,50.0
6200,LAB.SIEGFRIED S.A,100025073,SPERTI PREPARATION H 20 GR(PAE),3,1,770015295,OBS. SIEGFRIE SPERTI PREPARATION H 20 GR,106221,4,79665.75,25.0
6200,PROCAPS S.A.,100025283,DIGESTA GOTAS 20 ML,2,1,770016355,OBS.PROCAPS DIGESTA GOTAS 20 ML,0,3,0.0,33.33
6200,FARMACOL CHINOIN SAS,100025568,ESOMEPRAZOL 20MG 15 CAPSULAS,1,1,770018357,OBS. FARMACOL ESOMEPRAZOL 20MG 15 CAP,17005,2,8502.5,50.0
6200,ASOCIACION PROFAMILIA,100025713,ONIVE 2 0.75 MG 2 TBS (P)17415,1,1,770015868,OBS.PROFAMILIA ONIVE2 LEVONORG 0.75 MG,1223,2,611.5,50.0
6200,LAB. AMERICA S.A.,100025812,STEVIA BIOLADIET LIQUIDA 120 ML,3,1,770017214,OBS.LAB.AMERICA STEVIA BIOLADIET L.120ML,12433,4,9324.75,25.0
6200,ASOCIACION PROFAMILIA,100025934,ONIVE 1 1.5MG 1 TABLETA(P)17415,1,1,770016116,OBS.PROFAMILIA ONIVE 1 1.5MG 1 TAB,1223,2,611.5,50.0
6200,LABORATORIOS ECAR S.A.,100025943,ACETILCISTEINA 200MG 30 SBS EC,2,1,770018138,OBS.ECAR ACETILCISTEINA 200MG 30 SBS,34184,3,22789.33,33.33
6200,VITALIS S.A C.I.,100025982,LAGRIMAS ARTIFICIALES GOTAS 15 ML VT,1,1,770016162,OBS.VITALIS LAGRIMAS ARTIF.GTS 15 ML,27203,2,13601.5,50.0
6200,NOVAMED S.A.,100026026,FLEMOXIN NINOS 50MG/ML 30 ML,2,1,770016332,OBS.NOVAMED FLEMOXIN NINOS 50MG/ML 30 ML,15125,3,10083.33,33.33
6200,LAB.SIEGFRIED S.A,100026028,ROGASTRIL PLUS SUSP.10/2000MG 90 ML,2,1,770018751,OBS.SIEGFRIED ROGASTRIL P.S.10/200MG 90M,70609,3,47072.67,33.33
6200,LAB.SIEGFRIED S.A,100026108,INVICTUS TADALAFILO 5 MG 30 TBS RECUB,3,1,770018755,OBS.SIEGFRIED INVICTUS TADALAFIL 5MG 30T,42704,4,32028.0,25.0
6200,FARMA DE COLOMBIA S.A.,100026250,FARMA D 7000 UI(VITAMINA D3) 8 CAP,1,1,770016811,OBS.FARMA C. FARMA D7000 UI(VIT.D3) 8,65857,2,32928.5,50.0
6200,LAB. INCOBRA S.A.,100026262,FOSFOROVITAM 60 CAPSULAS BLANDAS,2,1,770019024,OBS.INCOBRA FOSFOROVITAM 60 CAPSULAS,117223,3,78148.67,33.33
6200,LAB. INCOBRA S.A.,100026344,BROXOL D SUSPENSION 60 ML,2,1,770017761,OBS.INCOBRA BROXOL D SUSPENSION 60 ML,62256,3,41504.0,33.33
6200,LABORATORIOS LA SANTE S.A.,100026363,OMEPRAZOL 20 MG 100 CAPSULAS LS,1,1,770017792,OBS.LA SANTE OMEPRAZOL 20 MG 30 CAPSULAS,17011,2,8505.5,50.0
6200,LABORATORIOS ECAR S.A.,100026366,IRBESARTAN ECAR 150 MG 30 TBS(P)22365,2,1,770018636,OBS.ECAR IRBESARTAN 150 MG 30TBS(P)22365,0,3,0.0,33.33
6200,VITALIS S.A C.I.,100026397,BETAMETASONA+CLOTRIM.+NEOMICINA 20GR VIT,2,1,770016992,OBS.VITALIS BETAMETA.+CLOTRIM.+NEOM.20GR,12419,3,8279.33,33.33
6200,HUMAX PHARMACEUTICAL,100026473,FEXODINA 0.6% SUSPENSION ORAL 150 ML,2,1,770017264,OBS.HUMAX FEXODINA 0.6% SUSP ORAL 150,42371,3,28247.33,33.33
6200,LABORATORIO FRANCO COLOMBIANO LAFRA,100026490,POSTDAY 0.75MG 4 TBS (P)34830(SC),1,2,770017062,OBS.LAFRANCOL POSTDAY 0.75MG 4 TABS,32131,3,10710.33,66.67
6200,LAB.SIEGFRIED S.A,100026513,AMOXICLIN DUO NINOS POLVO 90 ML,1,1,770018756,OBS.SIEGFRIED AMOXICLIN DUO NINOS POL 90,65329,2,32664.5,50.0
6200,LAB.SIEGFRIED S.A,100026516,ESTATLEN 40 MG (ATORVASTATINA) 30TBS REC,1,1,770017632,OBS.SIEGFRIED ESTATLEN 40 MG 30 TBS,0,2,0.0,50.0
6200,NOVAMED S.A.,100026563,EXPECTOS JARABE DE HIEDRA 120 ML,2,1,770017190,OBS.NOVAMED EXPECTOS JARABE-HIEDRA 120ML,24442,3,16294.67,33.33
6200,FARMA DE COLOMBIA S.A.,100026647,VONAU FLASH 8 MG 10 TBS(PAE),2,1,770019238,OBS FARMA VONAU FLASH 8 MG 10 TBS(PAE),90392,3,60261.33,33.33
6200,FARMA DE COLOMBIA S.A.,100026648,VONAU FLASH 4 MG 10 TBS,2,1,770019239,OBS FARMA VONAU FLASH 4 MG 10 TBS,0,3,0.0,33.33
6200,LABORATORIOS LA SANTE S.A.,100026785,ATORVASTATINA 40 MG 30 TBS LS,1,2,770017616,OBS.LA SANTE ATORVASTATINA 40 MG 30 TBS,70986,3,23662.0,66.67
6200,NOVAMED S.A.,100026807,VITAMINA A 50000 UI 50 CAPSULAS,2,1,770018490,OBS.NOVAMED VITAMINA A 50000 UI 50 CAP,23263,3,15508.67,33.33
6200,COMERLAT PHARMACEUTICAL S.A.S,100026947,RESCATE ESENCIA FLORAL 30 ML,3,1,770017690,OBS.COMERLAT RESCATE ESENCIA FLORAL 30ML,11236,4,8427.0,25.0
6200,COMERLAT PHARMACEUTICAL S.A.S,100026948,PASSIFLORA ESENCIA FLORAL 30 ML,3,1,770017678,OBS.COMERLAT PASSIFLORA ESEN. FLOR. 30ML,0,4,0.0,25.0
6200,COMERLAT PHARMACEUTICAL S.A.S,100026961,VALERIANA ESENCIA FLORAL 30 ML,3,1,770017679,OBS.COMERLAT VALERIANA ESEN. FLORAL 30ML,11236,4,8427.0,25.0
6200,VITALIS S.A C.I.,100026981,DICLORENGEL 1% GEL 50 GR,2,1,770017494,OBS.VITALIS DICLORENGEL 1% GEL 50 GR,0,3,0.0,33.33
6200,MEGA LIFESCIENCES COLOMBIA S.A.S.,100026983,MEGA WE CARE ZIRIN 50 CAP BLANDAS (SAV),3,1,770017474,OBS.RB MEGA WE CARE ZIRIN 50 CAP BLAN,60689,4,45516.75,25.0
6200,MEGA LIFESCIENCES COLOMBIA S.A.S.,100026984,ENAT 400 30 CAPSULAS BLANDAS(SAV),3,1,770017472,OBS.RB ENAT 400 30 CAPSULAS BLANDAS,27326,4,20494.5,25.0
6200,LABORATORIO FRANCO COLOMBIANO LAFRA,100026991,ACETAMINOFEN 500 MG 20 TABLETAS AG,2,3,770017850,OBS.LAFRANCOL ACETAMINOFEN 500 MG 20 TAB,6487,5,2594.8,60.0
6200,NOVAMED S.A.,100027018,LEVODRINE LEVOCETIRIZINA 5 MG 10 TBS,1,1,770018341,OBS.NOVAMED LEVODRINE LEVOCETIR 5MG 10TB,2563,2,1281.5,50.0
6200,LABORATORIOS LA SANTE S.A.,100027030,TERBINAFINA 250 MG 14 TBS REC LS,2,1,770018581,OBS.LA SANTE TERBINAFINA 250 MG 14 TBS,5162,3,3441.33,33.33
6200,PROCAPS S.A.,100027033,DOLOFEN GRIPA 60 CAPS,2,1,770018200,OBS.PROCAPS DOLOFEN GRIPA 60 CAPS,51918,3,34612.0,33.33
6200,LABORATORIOS ECAR S.A.,100027076,FEXOFENADINA 120 MG 10 TBS EC,2,1,770017975,OBS.ECAR FEXOFENADINA 120 MG 10 TBS,39376,3,26250.67,33.33
6200,LABORATORIO FRANCO COLOMBIANO LAFRA,100027113,ESOMEPRAZOL 40 MG 30 TBS AG,1,2,770006568,OBSEQUIO ESOMEPRAZOL 20 MG 14 TBS AG,81676,3,27225.33,66.67
6200,LABORATORIOS LA SANTE S.A.,100027117,VITAMINA C 500MG + ZINC NAR 100TBS MAST,1,1,770007512,OBS.LA SANTE VITAMINA C 500MG NAR 100TBS,0,2,0.0,50.0
6200,LAB. LEGRAND S.A.,100027130,DEMULIN ER 0.4 30 TBS,2,1,770017620,OBS.LEGRAND DEMULIN ER 0.4 30 TBS,0,3,0.0,33.33
6200,NOVAMED S.A.,100027479,AZITROMICINA 500 MG 3 TABS,2,1,770018024,OBS.NOVAMED AZITROMICINA 500 MG 3 TABS,8865,3,5910.0,33.33
6200,LABORATORIOS RICHMOND,100027499,CARVEDILOL RICHMOND 6.25MG 28TABS(P)8323,2,1,770018307,OBS.RICHMOND CARVEDILOL 6.25M 28T(P)8323,0,3,0.0,33.33
6200,LABORATORIOS RICHMOND,100027510,CARVEDILOL RICHMOND 12.5MG 28TAB(P)16646,2,1,770018308,OBS.RICHMOND CARVEDILOL 12.5 28T(P)16646,0,3,0.0,33.33
6200,LABORATORIOS ECAR S.A.,100027545,ALERNIT OLOPATADINA 0.2% SOL.OFT 5 ML,2,1,770018630,OBS.ECAR ALERNIT OLOPAT 0.2% SOL.OF 5ML,32318,3,21545.33,33.33
6200,FARMACOL CHINOIN SAS,100027558,ATORVASTATINA 20 MG 30 TABLETAS,1,3,770018215,OBS. FARMACOL ATORVASTATINA 20 MG 30 TBS,26586,4,6646.5,75.0
6200,COMERLAT PHARMACEUTICAL S.A.S,100027586,PASSIFLORA+VALERIANA ESENCIA FLORAL 30ML,3,1,770018194,OBS.COMERLAT PASSIFLORA+VALERIANA 30 ML,11236,4,8427.0,25.0
6200,COMERLAT PHARMACEUTICAL S.A.S,100027587,CALENDULA ESENCIA FLORAL 30 ML,3,1,770018195,OBS.COMERLAT CALENDULA ESENC FLORAL 30ML,11236,4,8427.0,25.0
6200,LABORATORIOS LA SANTE S.A.,100027603,MINOXIDIL FORTE 5% 60 ML LS,3,1,770018604,OBS.LA SANTE MINOXIDIL FORTE 5% 60 ML,37334,4,28000.5,25.0
6200,NOVAMED S.A.,100027623,ACETAMINOFEN 150 MG/5 ML 100 ML,2,1,770019029,OBS NOVAMED ACETAMIN. 150 MG/5 ML 100 ML,4925,3,3283.33,33.33
6200,LAB.SIEGFRIED S.A,100027628,QUANOX CREMA 1% TUBO 30 G,3,1,770018523,OBS.SIEGFRIED QUANOX CREMA 1% TUBO 30GRS,66987,4,50240.25,25.0
6200,SALUS PHARMA LABS S.A.S.,100027630,NODOL PLUS 325/5 MG 10 TBS (SAV),3,1,770018288,OBS. SALUS P. NODOL PLUS 325/5 MG 10 TBS,33149,4,24861.75,25.0
6200,SALUS PHARMA LABS S.A.S.,100027631,FIBRINEXAM 500 MG 10 TBS(SAV),2,1,770018289,OBS. SALUS P. FIBRINEXAM 500 MG 10 TBS,33149,3,22099.33,33.33
6200,LABORATORIOS RICHMOND,100027695,ZOPICLONA 7.5 MG 30 TABS,2,1,770018336,OBS. RICHMOND ZOPICLONA 7.5 MG 30 TABS,14548,3,9698.67,33.33
6200,LABORATORIOS LA SANTE S.A.,100027710,ESCITALOPRAM 20 MG 30 TABS LS,3,1,770018584,OBS.LA SANTE ESCITALOPRAM 20 MG 30 TABS,53284,4,39963.0,25.0
6200,SALUS PHARMA LABS S.A.S.,100027734,MIGRADOL 100 MG 30 TABS,3,1,770018908,OBS.SALUS MIGRADOL 100 MG 30 TABS,43674,4,32755.5,25.0
6200,EUROFARMA COLOMBIA S.A.S,100027740,KLEAR PLUS 120 ML,2,1,770015497,OBS.EUROFARMA FLUNAZOL 75 MG 4 TBS.PC,52045,3,34696.67,33.33
6200,MEGA LIFESCIENCES COLOMBIA S.A.S.,100027768,GOGAZ 200 MG 50 CAPSULAS,3,1,770019216,OBS.MEGA LIFE. GOGAZ 200 MG 50 CAPSULAS,47486,4,35614.5,25.0
6200,ICOM,100027770,HIDRASOL 30 CON ZINC CEREZA 500 ML ICOM,1,1,770019130,OBS ICOM HIDRASOL 30 ZINC UVA 500ML,0,2,0.0,50.0
6200,SALUS PHARMA LABS S.A.S.,100027844,NODOL FORTE 30 MG 30 TBS,3,1,770018494,OBS. SALUS P. NODOL FORTE 30 MG 30 TBS,2775,4,2081.25,25.0
6200,LAB.SIEGFRIED S.A,100027881,NOTUSIN NINOS 120 MILILITROS,3,1,770018555,OBS.SIEGFRIED NOTUSIN NINOS 120 ML,14584,4,10938.0,25.0
6200,LAB. LEGRAND S.A.,100028088,SOLIPLEX 10 MG 30 TBS (P)159717,1,1,770008919,OBS.LEGRAND ADIX 750 MG 5 TABLETAS,131519,2,65759.5,50.0
6200,TECNOQUIMICAS S.A.,100028172,HIDRAPLUS 75 ZINC UVA BOL.100ML 4UND,3,1,770019288,OBS TECNO.HIDRA 75ZINC UVA BO.100ML 4UND,1343,4,1007.25,25.0
6200,MEMPHIS PRODUCTS,100028348,NAFAZOLINA HCL 0.1% SOL OFT 15ML,1,1,770019183,OBS.MEMPHIS NAFAZOLINA HCL 0.1% SOL OFT,9107,2,4553.5,50.0
6200,LABORATORIOS RICHMOND,100028443,LOSARTAN 100 MG 30 TBS,1,2,770019074,OBS. RICHMOND LOSARTAN 100 MG 30 TBS,31342,3,10447.33,66.67
6200,VITALIS S.A C.I.,100028454,GENTAVISION 0.3% 10 ML,1,1,770019070,OBS VITALIS GENTAVISION 0.3% 10 ML,14193,2,7096.5,50.0
6200,VITALIS S.A C.I.,100028455,TIAMINA VITAMINA B1 100 MG/ML 10 VIALES,1,4,770019069,OBS VITALIS TIAM.VITA. B1 100MG/ML 1VIAL,94618,5,18923.6,80.0
6200,VITALIS S.A C.I.,100028456,TIAMINA VITAMINA B1 100 MG/ML 1 VIAL,2,1,770019069,OBS VITALIS TIAM.VITA. B1 100MG/ML 1VIAL,11354,3,7569.33,33.33
6200,LABORATORIOS ECAR S.A.,100028519,VALACICLOVIR 500 MG 10 TABS RECS,2,1,770019211,OBS ECAR VALACICLOVIR 500 MG 10 TABS REC,81669,3,54446.0,33.33
6200,ASOCIACION PROFAMILIA,200001995,PRUEBA DE EMBARAZO PROFAMILIA,2,1,770004722,OBSEQUIO PROFAMILIA PRUEBA DE EMBARAZO,8987,3,5991.33,33.33
6200,BSN MEDICAL LTDA.,200004817,FIXOMUL STRETCH 5 CM 10 MTS,2,1,770013810,OBS.BSN FIXOMUL STRETCH 5 CM 10 MTS,7231,3,4820.67,33.33
6200,BSN MEDICAL LTDA.,200004859,ESP.LEUKOPLAST 4X5,1,1,770013629,OBS.BSN ESP.LEUKOPLAST 4X5,37836,2,18918.0,50.0
6200,JOHNSON & JOHNSON DE COLOMBIA S.A.,200007371,CREMA JJ BABY 200 ML,3,1,770016279,OBS JJ CREMA JJ BABY 200 ML,11721,4,8790.75,25.0
6200,ASOCIACION PROFAMILIA,200010816,PRESERVA/CONDON PIEL SENSITIVO 3 UND,2,1,770005861,OBS.PROFAMILIA PRESERVAT.PIEL SENS.3 UND,7553,3,5035.33,33.33
6200,ASOCIACION PROFAMILIA,200010817,PRESERVA/CONDON PIEL SABORES 3 UND,2,1,770004721,OBS.PROFAMILIA PRESERVAT.PIEL SABORES X3,7553,3,5035.33,33.33
6200,ASOCIACION PROFAMILIA,200010818,PRESERVA/CONDON PIEL RESISTENTE 3 UND,2,1,770005986,OBS.PROFAMI.PRESERVAT.PIEL RESISTE.3 UND,7553,3,5035.33,33.33
6200,BSN MEDICAL LTDA.,200013603,MICROPORE LEUKOPOR PIEL 1/2X5,1,1,770011903,OBS.BSN ESP. LEUKOPOR MIC. PIEL 1/2X5,7642,2,3821.0,50.0
6200,BSN MEDICAL LTDA.,200013604,MICROPORE LEUKOPOR PIEL 1X5,1,1,770011902,OBS.BSN ESP.LEUKOPOR MICROP. PIEL 1X5,11492,2,5746.0,50.0
6200,LAB. INCOBRA S.A.,200015552,CLOBAK GOTAS 6.5 ML,3,1,770017795,OBS.INCOBRA CLOBAK GOTAS 6.5 ML,86235,4,64676.25,25.0
6200,LABORATORIOS ECAR S.A.,200015580,VITAMINA C GOTAS 100 MG 30 ML EC,3,1,770019154,OBS. ECAR VITAMINA C GOTAS 100 MG 30 ML,8575,4,6431.25,25.0
6200,BSN MEDICAL LTDA.,200016333,MICROPORE LEUKOPOR PIEL 2X5 TARJETA,1,1,770011901,OBS.BSN ESP.LEUKOPOR MICROP.PIEL 2X5,22751,2,11375.5,50.0
6200,ZAMBON COLOMBIA S.A.,200018509,FISIOMAX LUBRICANTE INTIMO 90 GR,2,1,770019233,OBS ZAMBON FISIOMAX LUBRI.INT. GEL 50 GR,26594,3,17729.33,33.33
6200,COLOMBIANA KIMBERLY COLPAPEL S.A.,200019776,2 PANUELOS KLEENEX CUBO 60 UND,1,1,770013754,OBS.COLPA.TOA.HUGG.ACT.FRE.DIS.96 S.P,0,2,0.0,50.0
6200,UNILEVER ANDINA COLOMBIA LTDA.,200020009,DTE.REXONA CLIN.CREM.CLASSIC WOM.48 GR M,1,1,770009591,OBS.UNILEVER DTE REX.MIN.ROL.V8 30GR H,1777,2,888.5,50.0
6200,NEW TRADE INTERNATIONAL S.A.S.,200024933,CYCLOFEMINA 1 AMPOLLA + JERINGA,3,1,770008528,OBSEQUIO CYCLOFEMINA + JERINGA,20402,4,15301.5,25.0
6200,PROCTER & GAMBLE COLOMBIA LTDA,200026056,CEP.ORAL-B PROSAL.7 BENEFICIOS 40 S 2X1,3,2,770010690,OBS.PROCTER C.DEN.ORAL-B 3D WHITE 53,16827,5,10096.2,40.0
6200,ASOCIACION PROFAMILIA,200026924,CONDON PIEL EXCITANTE 3 UND,2,1,770009927,OBS.PROFAMILIA CONDON PIEL EXCITAN.3 UND,7553,3,5035.33,33.33
6200,LAB.SIEGFRIED S.A,200027361,AFELIUS 50+ TOTAL EMULSION 120ML SPR(A),2,1,770019103,OBS. SIEGFRIED BOLSO TIPO PLAYERO MKTG,96472,3,64314.67,33.33
6200,BSN MEDICAL LTDA.,200027423,CURAS LEUKOPLAST PIEL 100 UND,1,1,770013445,OBS.BSN CURAS LEUKOPLAST PIEL 100 UND,11317,2,5658.5,50.0
6200,BSN MEDICAL LTDA.,200027547,MICROPORE LEUKOPOR PIEL1/2X1 24 UND,1,1,770011242,OBS.BSN ESP.LEUKOPOR PIEL1/2X1 24 UND,78402,2,39201.0,50.0
6200,UNILEVER ANDINA COLOMBIA LTDA.,200028543,DTE.REXONA CLINI SOLID EXTRA DRY 48 GR M,1,1,770009591,OBS.UNILEVER DTE REX.MIN.ROL.V8 30GR H,1777,2,888.5,50.0
6200,UNILEVER ANDINA COLOMBIA LTDA.,200028544,DTE.REXONA CLINI SOLID SPORT STRE.48 GR,1,1,770009591,OBS.UNILEVER DTE REX.MIN.ROL.V8 30GR H,1777,2,888.5,50.0
6200,NEW TRADE INTERNATIONAL S.A.S.,200029662,TERMOMETRO ADULTO DIGITAL NTI CAJA VERDE,3,1,770018739,OBS. NTI TERMOM ADULTO DIGITAL C. VERDE,9044,4,6783.0,25.0
6200,NEW TRADE INTERNATIONAL S.A.S.,200029663,TERMOMETRO ADULTO DIGITAL NTI CAJA AZUL,3,1,770018740,OBS. NTI TERMOM ADULTO DIGITAL C. AZUL,9044,4,6783.0,25.0
6200,BSN MEDICAL LTDA.,200032324,MICROPORE LEUKOPOR PIEL 1X10 YARDAS,1,1,770013040,OBS.BSN MICROPORE LEUKOPOR PIEL 1X10,13942,2,6971.0,50.0
6200,UNILEVER ANDINA COLOMBIA LTDA.,200033161,3 JABON DOVE KARITE 90 GR,1,1,770019281,OBS.UNILEVER CHA SAVIT MULTIO DOYP 100ML,12578,2,6289.0,50.0
6200,3M COLOMBIA S.A.,200035294,MICR.PIEL 1/2 PUL(12X3)PAG 2 LLEV 3 UND,3,1,770014187,OBS.3M MICROPORE PIEL 1/2 PUL.PAC P2LL3,7193,4,5394.75,25.0
6200,3M COLOMBIA S.A.,200035295,MICR.PIEL 1 PUL (24X3) PAG 2 LLEV 3 UND,3,1,770014422,OBS.3M MICROPORE PIE.1PUL PAC 3 BOL P2L3,1284,4,963.0,25.0
6200,3M COLOMBIA S.A.,200037868,GASA NEXCARE 3M PAGUE 9 LLEVE 12,3,1,770015547,OBS.3M COLOM GASA NEXCARE 3M PAG9LL12,9718,4,7288.5,25.0
6200,SAMARA COSMETICS S.A.S,200039850,CHAMPU SECO MAWIE GUARANA Y ARROZ 200ML,2,1,770018561,OBS.SAMARA JAB.LIQ.ANT.AVENA MAWIE 500ML,33211,3,22140.67,33.33
6200,SAMARA COSMETICS S.A.S,200040408,CHAMPU  FOR MEN 3 EN 1 MAWIE 450 ML,2,1,770016913,OBS.SAMARA CERA MOLD-FIJ MAWIE 80 GR,26001,3,17334.0,33.33
6200,SAMARA COSMETICS S.A.S,200040626,JABON LIQ.ANTIBACT.AVENA MAWIE 500 ML,3,1,770018561,OBS.SAMARA JAB.LIQ.ANT.AVENA MAWIE 500ML,13089,4,9816.75,25.0
6200,SAMARA COSMETICS S.A.S,200040629,JABON LIQ.ANTIBACT.AVENA MAWIE 1000 ML,2,1,770018561,OBS.SAMARA JAB.LIQ.ANT.AVENA MAWIE 500ML,18835,3,12556.67,33.33
6200,SAMARA COSMETICS S.A.S,200041376,LACA MAYOR DEFINICION MAWIE 120 ML,3,1,770017913,OBS.SAMARA LACA MAYOR DEFIN MAWIE 120 ML,1138,4,853.5,25.0
6200,LABORATORIOS ECAR S.A.,200041678,PROTECTOR SOREL SUN SPF50 GEL 50 GR,2,1,770014625,OBS.ECAR SERTRALINA 50 MG 10 TABLETAS,37144,3,24762.67,33.33
6200,LABORATORIOS ECAR S.A.,200041953,PROTECTOR SOREL SUN SPF50 EMULSION 50 GR,2,1,770014625,OBS.ECAR SERTRALINA 50 MG 10 TABLETAS,37144,3,24762.67,33.33
6200,SAMARA COSMETICS S.A.S,200041985,LOC.ACETATO DE ALUMINIO ANTI.MAWIE 400ML,2,1,770017224,OBS.SAMARA LOC.ACETAT-AL.ANI.MAWIE 150ML,2134,3,1422.67,33.33
6200,SAMARA COSMETICS S.A.S,200042160,SPLASH AMOR MAWIE 250 ML,2,1,770018561,OBS.SAMARA JAB.LIQ.ANT.AVENA MAWIE 500ML,0,3,0.0,33.33
6200,COLOMBIANA KIMBERLY COLPAPEL S.A.,200043223,PROTECTORES DIARIOS KOTEX LARGOS 120UNDS,1,1,770018029,OBS.COLPAPEL 2 TOA.KOTEX NOCTUC. TELA,24072,2,12036.0,50.0
6200,GENOMMA LAB.COLOMBIA,200043577,MAQ.AFEITAR GROOMEN 300 + 1 CARTUCHO(SF),2,1,770017877,OBS.GENOMA X RAY DOL 12 TABLETAS(SF),19462,3,12974.67,33.33
6200,LABORATORIOS LEON S.A.,200043742,ACEITE CHOCOLATE SPRAY 60 ML LEON,1,2,770018621,OBS LEON ACEITE CHOCOLATE SPRAY 60 ML,5011,3,1670.33,66.67
6200,LABORATORIOS LEON S.A.,200043744,ACEITE MANZANILLA SPRAY 60 ML LEON,1,2,770018622,OBS LEON ACEITE MANZANILLA SPRAY 60 ML,5011,3,1670.33,66.67
6200,LABORATORIOS LEON S.A.,200043749,ACEITE CAFE  SPRAY 60 ML LEON,1,2,770018623,OBS LEON ACEITE CAFE SPRAY 60 ML,5011,3,1670.33,66.67
6200,INVERFARMA SAS,200043863,LOCION CALMANTE CBD 120 ML INVERFARMA,1,2,770018909,OBS.INVERFARMA LOCION CALMANTE CBD 120 M,28394,3,9464.67,66.67
6200,MEGA LIFESCIENCES COLOMBIA S.A.S.,200044271,EUGICA MOUTH SPRAY 10 ML,2,1,770018710,OBS.MEGA LIFE. EUGICA MOUTH SPRAY 10ML,15617,3,10411.33,33.33
6200,3M COLOMBIA S.A.,200044362,BANDITAS NEXCARE MAX HOLD 12 UNDS,3,1,770018711,OBS. 3M BANDITAS NEXCARE MAX HOLD 12 UND,6877,4,5157.75,25.0
6200,3M COLOMBIA S.A.,200044365,BANDITAS NEXCARE TRANSPARENTE 10 UNDS,3,1,770018790,OBS. 3M BANDITAS NEX TRANSPARENT 10 UNDS,3693,4,2769.75,25.0
6200,3M COLOMBIA S.A.,200044366,BANDITAS NEXCARA DUO ROD.COD.8 UNDS,3,1,770018712,OBS. 3M BANDITAS NEXCARA DUO ROD.COD.8UN,18593,4,13944.75,25.0
6200,3M COLOMBIA S.A.,200044378,VENDA NEXCARE NO HURT WRAP,3,1,770018781,OBS. 3M VENDA NEXCARE NO HURT WRA,2476,4,1857.0,25.0
6200,MEGA LIFESCIENCES COLOMBIA S.A.S.,200044397,EUGICA COFF HERBAL LOZENGES 120 CARAMELO,3,1,770019264,OBS MEGA. EUGICA COF.HER.LOZEN. 120 CAR.,56385,4,42288.75,25.0
6200,NEW TRADE INTERNATIONAL S.A.S.,200044528,LAMINA GEL CRISTAL GELKAM NTI,1,1,770018813,OBS. NTI LAMINA GEL CRISTAL GELKAM,22332,2,11166.0,50.0
6200,NEW TRADE INTERNATIONAL S.A.S.,200044529,GEL ABDOMINAL 4 UND GELKAM NTI,1,1,770018811,OBS. NTI GEL ABDOMINAL 4 UND GELKAM,2535,2,1267.5,50.0
6200,NEW TRADE INTERNATIONAL S.A.S.,200044540,LAMINA GEL CRISTAL CON MALLA GELKAM NTI,1,1,770018812,OBS. NTI LAM. GEL CRIS. C.MALLA GELKAM,31352,2,15676.0,50.0
6200,3M COLOMBIA S.A.,200044571,STERI STRIP NEXCARE X 12 TIRAS,3,1,770018780,OBS. 3M STERI STRIP NEXCARE 12 TIRAS,12026,4,9019.5,25.0
6200,ASOCIACION PROFAMILIA,200044726,CONDON PIEL RETARDANTE 3 UNIDADES,2,1,770018682,OBS.PROFAMILIA CONDON PIEL RETARDANT 3UN,7553,3,5035.33,33.33
6200,3M COLOMBIA S.A.,200044761,BANDITAS NEXCARE CURACION AVANZADA 6UND,3,1,770018772,OBS. 3M BANDITAS NEX CURACION AVAN 6 UND,8278,4,6208.5,25.0
6200,3M COLOMBIA S.A.,200044861,BANDITAS NEXCARE MONSTROS IMPERM. 12 UND,3,1,770018928,OBS. 3M BANDITAS NEX. MON. IMPER. 12 UND,8787,4,6590.25,25.0
6200,COLOMBIANA KIMBERLY COLPAPEL S.A.,200045182,TOA. FEMENIN KOTEX DISCR. MEG PACK 24UND,1,1,770018029,OBS.COLPAPEL 2 TOA.KOTEX NOCTUC. TELA,9314,2,4657.0,50.0
6200,COLOMBIANA KIMBERLY COLPAPEL S.A.,200045189,PANU FACIAL KLEENEX ARO FRUT ROJOS 80UND,1,1,770013754,OBS.COLPA.TOA.HUGG.ACT.FRE.DIS.96 S.P,6736,2,3368.0,50.0
6200,UNILEVER ANDINA COLOMBIA LTDA.,200045233,DTE AXE SPRAY EPIC FRESH ANTITRASP.152ML,1,1,770009591,OBS.UNILEVER DTE REX.MIN.ROL.V8 30GR H,16027,2,8013.5,50.0
6200,UNILEVER ANDINA COLOMBIA LTDA.,200045562,DOVE MASC RECONSTRUCCION 300ML,1,1,770009591,OBS.UNILEVER DTE REX.MIN.ROL.V8 30GR H,14869,2,7434.5,50.0
6200,LAB. AMERICA S.A.,200045686,DERMOHIDRANT 120 ML,1,1,770019079,OBS.LAB.AMERICA DERMOHIDRANT 120 ML,196,2,98.0,50.0
6200,GENOMMA LAB.COLOMBIA,200045925,CHA TIO NACHO CONTROL CASPA 415 ML (SF),3,1,770018720,OBS.GENOMMA CHA.TIO.NAC.HERBO.MILE.415ML,25222,4,18916.5,25.0
6200,LAB. AMERICA S.A.,200045991,DERMOHIDRANT 24 SACHETS,1,1,770019179,OBS.LAB.AMERICA DERMOHIDRANT 24 SACHETS,7605,2,3802.5,50.0
6200,UNILEVER ANDINA COLOMBIA LTDA.,200046199,DTE.DOVE CLIN.CREMA TONO UNIF.58GR M,1,1,770009591,OBS.UNILEVER DTE REX.MIN.ROL.V8 30GR H,0,2,0.0,50.0
6200,UNILEVER ANDINA COLOMBIA LTDA.,200046200,DTE.DOVE CLIN.SPR.TONO UNIF.150ML M,1,1,770009591,OBS.UNILEVER DTE REX.MIN.ROL.V8 30GR H,18709,2,9354.5,50.0
